item_id,order_id,product_id,quantity,price_at_purchase
1,1,36,3,89.71
2,1,63,1,342.45
3,2,32,2,188.24
4,2,53,1,184.19
5,2,13,1,380.61
6,2,85,2,331.58
7,3,94,1,64.9
8,3,87,3,436.85
9,3,83,1,408.93
10,3,8,2,303.0
11,4,32,1,188.24
12,5,55,1,379.11
13,5,36,2,89.71
14,6,57,3,397.08
15,7,12,1,142.7
16,8,28,2,492.68
17,8,8,1,303.0
18,8,49,1,74.12
19,8,50,2,282.88
20,9,37,2,126.18
21,9,90,3,104.57
22,9,72,3,421.63
23,9,92,2,326.69
24,10,8,3,303.0
25,10,95,3,36.69
26,11,7,3,113.23
27,12,8,3,303.0
28,12,11,1,114.12
29,13,52,1,449.42
30,13,73,1,306.44
31,14,54,3,257.22
32,15,34,1,468.64
33,15,86,3,86.74
34,15,41,1,118.38
35,16,59,2,193.9
36,16,97,1,296.28
37,16,2,2,141.14
38,17,10,3,352.16
39,18,45,1,438.8
40,18,32,2,188.24
41,19,79,3,439.97
42,19,68,1,438.55
43,19,86,3,86.74
44,20,18,2,52.87
45,21,35,2,40.34
46,21,78,1,60.37
47,22,65,2,173.39
48,22,33,1,336.74
49,22,12,3,142.7
50,23,1,2,60.11
51,24,21,3,66.79
52,24,57,3,397.08
53,24,91,2,202.5
54,25,89,1,378.86
55,26,75,3,271.99
56,26,19,2,303.84
57,26,17,1,55.59
58,27,46,1,110.25
59,28,46,3,110.25
60,29,31,1,417.88
61,29,23,2,415.56
62,30,53,3,184.19
63,30,95,1,36.69
64,30,35,1,40.34
65,31,5,2,48.03
66,31,29,1,433.91
67,31,59,2,193.9
68,31,40,1,343.88
69,32,52,2,449.42
70,32,36,1,89.71
71,33,83,3,408.93
72,33,52,3,449.42
73,33,69,2,486.08
74,34,23,3,415.56
75,34,34,1,468.64
76,34,14,3,350.58
77,35,56,3,80.66
78,35,66,1,220.21
79,35,50,3,282.88
80,36,1,3,60.11
81,36,69,3,486.08
82,36,93,3,450.31
83,36,95,3,36.69
84,37,86,2,86.74
85,38,93,2,450.31
86,39,42,2,403.5
87,39,90,2,104.57
88,39,71,1,435.91
89,39,25,2,290.79
90,40,79,3,439.97
91,40,39,2,345.64
92,41,37,1,126.18
93,41,56,3,80.66
94,41,78,3,60.37
95,42,87,1,436.85
96,42,66,2,220.21
97,42,95,1,36.69
98,42,85,1,331.58
99,43,12,1,142.7
100,43,87,2,436.85
101,43,29,1,433.91
102,44,61,3,431.09
103,44,99,1,34.14
104,45,92,3,326.69
105,45,50,2,282.88
106,46,97,1,296.28
107,47,90,3,104.57
108,47,60,1,266.91
109,48,59,1,193.9
110,49,97,2,296.28
111,49,79,3,439.97
112,49,65,2,173.39
113,50,21,3,66.79
114,50,61,2,431.09
115,50,34,1,468.64
116,50,82,2,47.4
117,51,81,1,439.61
118,51,36,2,89.71
119,51,10,3,352.16
120,51,37,1,126.18
121,52,18,1,52.87
122,53,91,1,202.5
123,53,9,2,103.42
124,54,54,1,257.22
125,54,27,2,117.81
126,54,50,3,282.88
127,54,90,1,104.57
128,55,62,1,341.74
129,55,46,2,110.25
130,55,97,2,296.28
131,55,54,3,257.22
132,56,63,1,342.45
133,56,35,2,40.34
134,57,86,3,86.74
135,57,52,3,449.42
136,57,22,2,44.01
137,58,51,3,374.77
138,59,83,2,408.93
139,60,7,2,113.23
140,60,49,2,74.12
141,61,98,2,40.14
142,61,36,2,89.71
143,61,33,1,336.74
144,62,45,1,438.8
145,63,97,1,296.28
146,64,80,1,123.53
147,65,73,1,306.44
148,66,22,3,44.01
149,66,78,3,60.37
150,66,92,1,326.69
151,67,14,3,350.58
152,67,4,2,339.97
153,67,74,3,190.09
154,68,92,1,326.69
155,68,10,3,352.16
156,68,89,3,378.86
157,68,32,1,188.24
158,69,73,1,306.44
159,70,9,3,103.42
160,70,83,2,408.93
161,70,2,2,141.14
162,71,47,3,200.84
163,71,59,3,193.9
164,71,20,2,366.22
165,71,23,3,415.56
166,72,79,3,439.97
167,72,100,2,453.18
168,72,60,2,266.91
169,73,42,1,403.5
170,73,12,2,142.7
171,73,58,1,300.22
172,74,44,1,457.0
173,74,64,2,376.68
174,74,24,2,443.3
175,74,28,2,492.68
176,75,77,3,165.46
177,75,36,3,89.71
178,75,2,3,141.14
179,76,93,2,450.31
180,76,63,3,342.45
181,77,83,3,408.93
182,77,63,2,342.45
183,77,3,1,74.07
184,77,38,1,192.83
185,78,85,3,331.58
186,78,48,2,232.13
187,78,71,3,435.91
188,79,46,3,110.25
189,79,59,2,193.9
190,79,40,2,343.88
191,80,41,1,118.38
192,80,96,3,296.21
193,81,25,1,290.79
194,81,95,2,36.69
195,82,13,1,380.61
196,82,38,1,192.83
197,82,47,1,200.84
198,83,36,1,89.71
199,83,7,3,113.23
200,84,82,2,47.4
201,84,14,1,350.58
202,85,57,2,397.08
203,85,24,1,443.3
204,85,33,2,336.74
205,85,15,1,142.55
206,86,20,1,366.22
207,87,11,1,114.12
208,87,16,3,478.82
209,87,98,2,40.14
210,88,100,3,453.18
211,88,49,2,74.12
212,89,40,3,343.88
213,89,80,1,123.53
214,89,79,3,439.97
215,89,13,1,380.61
216,90,21,1,66.79
217,91,1,2,60.11
218,91,58,3,300.22
219,92,30,2,142.6
220,93,10,3,352.16
221,93,30,2,142.6
222,93,81,3,439.61
223,93,85,1,331.58
224,94,83,1,408.93
225,94,35,1,40.34
226,95,77,3,165.46
227,95,73,2,306.44
228,95,57,1,397.08
229,96,35,3,40.34
230,96,70,2,256.3
231,96,57,1,397.08
232,96,77,1,165.46
233,97,78,2,60.37
234,97,4,1,339.97
235,97,30,3,142.6
236,98,98,3,40.14
237,99,98,1,40.14
238,100,36,1,89.71
239,100,75,2,271.99
240,100,82,2,47.4
241,100,12,2,142.7
242,101,86,1,86.74
243,101,21,2,66.79
244,101,53,3,184.19
245,102,98,3,40.14
246,102,5,2,48.03
247,102,12,2,142.7
248,102,33,2,336.74
249,103,66,1,220.21
250,103,85,3,331.58
251,103,60,2,266.91
252,103,7,1,113.23
253,104,81,2,439.61
254,104,98,1,40.14
255,104,27,2,117.81
256,104,71,1,435.91
257,105,16,1,478.82
258,105,81,3,439.61
259,105,31,3,417.88
260,105,21,2,66.79
261,106,12,1,142.7
262,106,15,2,142.55
263,106,16,3,478.82
264,106,20,2,366.22
265,107,54,2,257.22
266,107,61,1,431.09
267,107,59,3,193.9
268,108,9,2,103.42
269,108,99,2,34.14
270,109,1,2,60.11
271,109,93,2,450.31
272,109,76,3,459.65
273,110,58,3,300.22
274,110,62,2,341.74
275,111,59,2,193.9
276,111,25,3,290.79
277,111,31,3,417.88
278,111,50,1,282.88
279,112,41,3,118.38
280,113,50,3,282.88
281,113,84,1,384.09
282,113,64,1,376.68
283,113,17,3,55.59
284,114,57,1,397.08
285,115,93,1,450.31
286,116,10,2,352.16
287,116,34,2,468.64
288,117,43,3,137.53
289,118,81,3,439.61
290,118,98,2,40.14
291,118,70,1,256.3
292,119,30,3,142.6
293,119,12,2,142.7
294,119,13,3,380.61
295,120,22,3,44.01
296,120,39,1,345.64
297,120,6,2,20.73
298,120,8,2,303.0
299,121,32,3,188.24
300,121,53,3,184.19
301,122,23,1,415.56
302,122,79,2,439.97
303,123,75,1,271.99
304,123,30,2,142.6
305,123,82,2,47.4
306,123,59,2,193.9
307,124,37,3,126.18
308,124,70,1,256.3
309,124,10,2,352.16
310,124,45,3,438.8
311,125,89,2,378.86
312,125,59,2,193.9
313,125,26,2,39.43
314,125,62,1,341.74
315,126,74,2,190.09
316,126,90,2,104.57
317,126,3,3,74.07
318,127,78,3,60.37
319,128,100,1,453.18
320,128,78,2,60.37
321,128,29,3,433.91
322,129,81,1,439.61
323,129,81,3,439.61
324,130,5,3,48.03
325,130,47,3,200.84
326,130,17,1,55.59
327,130,38,2,192.83
328,131,17,3,55.59
329,131,47,3,200.84
330,132,33,2,336.74
331,132,38,3,192.83
332,133,60,1,266.91
333,134,87,3,436.85
334,134,87,2,436.85
335,135,12,2,142.7
336,135,2,2,141.14
337,135,69,1,486.08
338,136,75,2,271.99
339,136,82,2,47.4
340,136,14,3,350.58
341,137,79,1,439.97
342,137,83,1,408.93
343,137,82,2,47.4
344,138,15,1,142.55
345,138,6,1,20.73
346,138,39,2,345.64
347,138,15,1,142.55
348,139,50,2,282.88
349,139,48,3,232.13
350,140,76,3,459.65
351,140,94,1,64.9
352,140,54,3,257.22
353,140,13,2,380.61
354,141,5,3,48.03
355,141,48,1,232.13
356,141,57,2,397.08
357,142,13,3,380.61
358,142,48,3,232.13
359,142,83,2,408.93
360,143,16,2,478.82
361,143,12,3,142.7
362,144,7,2,113.23
363,145,9,3,103.42
364,145,27,3,117.81
365,146,43,1,137.53
366,146,77,1,165.46
367,147,17,3,55.59
368,147,33,1,336.74
369,148,17,1,55.59
370,149,76,2,459.65
371,149,3,1,74.07
372,150,68,1,438.55
373,150,96,1,296.21
374,150,61,2,431.09
375,150,100,2,453.18
376,151,65,1,173.39
377,151,79,1,439.97
378,151,94,3,64.9
379,151,67,2,6.61
380,152,8,2,303.0
381,153,63,3,342.45
382,154,42,3,403.5
383,155,80,3,123.53
384,155,75,3,271.99
385,155,92,2,326.69
386,156,59,3,193.9
387,156,78,2,60.37
388,156,13,3,380.61
389,157,56,2,80.66
390,157,30,2,142.6
391,158,54,3,257.22
392,158,13,2,380.61
393,158,55,2,379.11
394,158,86,2,86.74
395,159,9,1,103.42
396,159,11,1,114.12
397,159,56,1,80.66
398,159,96,3,296.21
399,160,76,3,459.65
400,161,53,2,184.19
401,162,93,1,450.31
402,162,37,3,126.18
403,162,40,2,343.88
404,162,14,3,350.58
405,163,29,1,433.91
406,163,45,3,438.8
407,163,48,1,232.13
408,163,98,2,40.14
409,164,72,3,421.63
410,164,79,3,439.97
411,164,83,3,408.93
412,164,4,3,339.97
413,165,4,1,339.97
414,165,35,3,40.34
415,165,98,2,40.14
416,166,24,1,443.3
417,167,19,3,303.84
418,168,96,3,296.21
419,169,44,1,457.0
420,169,48,2,232.13
421,169,93,2,450.31
422,169,100,3,453.18
423,170,20,1,366.22
424,171,35,2,40.34
425,172,54,2,257.22
426,172,28,3,492.68
427,172,15,2,142.55
428,172,56,1,80.66
429,173,68,3,438.55
430,173,40,1,343.88
431,173,29,2,433.91
432,173,77,1,165.46
433,174,99,1,34.14
434,174,98,2,40.14
435,175,64,3,376.68
436,176,69,3,486.08
437,176,30,3,142.6
438,176,72,3,421.63
439,176,46,1,110.25
440,177,56,1,80.66
441,178,74,2,190.09
442,178,74,2,190.09
443,178,91,3,202.5
444,179,3,2,74.07
445,179,22,3,44.01
446,179,59,3,193.9
447,179,47,1,200.84
448,180,56,3,80.66
449,180,52,3,449.42
450,181,96,2,296.21
451,181,29,2,433.91
452,181,100,1,453.18
453,182,68,3,438.55
454,183,45,3,438.8
455,183,83,1,408.93
456,183,31,1,417.88
457,184,78,1,60.37
458,184,98,3,40.14
459,185,60,3,266.91
460,185,98,3,40.14
461,185,58,3,300.22
462,185,73,3,306.44
463,186,81,2,439.61
464,186,20,2,366.22
465,186,9,2,103.42
466,187,76,1,459.65
467,187,46,3,110.25
468,187,10,2,352.16
469,188,48,2,232.13
470,189,79,3,439.97
471,190,58,3,300.22
472,191,65,1,173.39
473,191,8,2,303.0
474,191,14,2,350.58
475,191,92,1,326.69
476,192,32,3,188.24
477,193,47,2,200.84
478,193,37,2,126.18
479,194,81,3,439.61
480,195,72,3,421.63
481,196,43,1,137.53
482,196,75,3,271.99
483,197,84,3,384.09
484,197,85,2,331.58
485,197,17,3,55.59
486,198,72,2,421.63
487,198,83,2,408.93
488,198,17,3,55.59
489,199,83,3,408.93
490,200,47,2,200.84
491,201,99,2,34.14
492,201,25,1,290.79
493,201,18,1,52.87
494,202,65,3,173.39
495,203,85,2,331.58
496,204,77,2,165.46
497,204,20,1,366.22
498,205,93,2,450.31
499,205,6,2,20.73
500,206,57,3,397.08
501,206,37,3,126.18
502,207,40,2,343.88
503,207,25,2,290.79
504,208,60,2,266.91
505,208,100,2,453.18
506,208,65,3,173.39
507,208,54,1,257.22
508,209,33,1,336.74
509,209,83,2,408.93
510,210,92,3,326.69
511,211,98,1,40.14
512,212,56,1,80.66
513,212,29,2,433.91
514,213,54,1,257.22
515,214,50,1,282.88
516,214,48,1,232.13
517,215,92,3,326.69
518,216,5,2,48.03
519,216,61,3,431.09
520,217,58,3,300.22
521,217,1,1,60.11
522,217,3,2,74.07
523,217,28,1,492.68
524,218,15,2,142.55
525,218,31,2,417.88
526,218,16,1,478.82
527,218,31,2,417.88
528,219,9,1,103.42
529,219,64,3,376.68
530,219,69,1,486.08
531,219,81,3,439.61
532,220,38,2,192.83
533,220,1,3,60.11
534,221,24,3,443.3
535,221,86,1,86.74
536,221,68,2,438.55
537,221,9,3,103.42
538,222,50,2,282.88
539,223,33,3,336.74
540,223,3,2,74.07
541,223,9,2,103.42
542,224,99,3,34.14
543,225,6,2,20.73
544,225,70,2,256.3
545,226,90,2,104.57
546,226,81,1,439.61
547,226,18,1,52.87
548,226,92,2,326.69
549,227,26,1,39.43
550,228,70,2,256.3
551,228,33,1,336.74
552,228,97,3,296.28
553,228,25,2,290.79
554,229,84,2,384.09
555,230,56,2,80.66
556,230,96,2,296.21
557,230,50,2,282.88
558,231,48,3,232.13
559,231,35,1,40.34
560,231,94,2,64.9
561,231,11,2,114.12
562,232,70,2,256.3
563,232,42,1,403.5
564,233,40,2,343.88
565,233,78,3,60.37
566,233,55,1,379.11
567,234,6,3,20.73
568,234,46,3,110.25
569,234,56,2,80.66
570,234,82,1,47.4
571,235,47,3,200.84
572,235,96,3,296.21
573,235,21,1,66.79
574,235,19,3,303.84
575,236,17,1,55.59
576,237,47,2,200.84
577,237,73,1,306.44
578,237,78,1,60.37
579,238,48,2,232.13
580,238,98,1,40.14
581,238,74,1,190.09
582,239,84,2,384.09
583,239,32,1,188.24
584,239,4,3,339.97
585,240,72,1,421.63
586,240,34,2,468.64
587,240,91,2,202.5
588,240,28,3,492.68
589,241,26,1,39.43
590,241,18,1,52.87
591,241,58,1,300.22
592,241,92,2,326.69
593,242,86,2,86.74
594,242,91,1,202.5
595,242,71,3,435.91
596,243,92,3,326.69
597,243,90,3,104.57
598,244,16,1,478.82
599,244,18,1,52.87
600,245,71,3,435.91
601,245,48,2,232.13
602,245,71,1,435.91
603,246,40,2,343.88
604,247,99,2,34.14
605,247,74,1,190.09
606,247,17,2,55.59
607,247,83,1,408.93
608,248,17,3,55.59
609,248,82,3,47.4
610,248,24,1,443.3
611,249,16,3,478.82
612,250,42,3,403.5
613,250,29,2,433.91
614,251,11,2,114.12
615,251,26,3,39.43
616,251,71,2,435.91
617,252,65,3,173.39
618,253,22,3,44.01
619,253,80,3,123.53
620,254,4,1,339.97
621,255,84,1,384.09
622,255,99,3,34.14
623,255,54,3,257.22
624,256,83,2,408.93
625,256,62,1,341.74
626,256,88,2,482.36
627,257,21,2,66.79
628,258,44,3,457.0
629,258,19,2,303.84
630,259,52,1,449.42
631,259,98,2,40.14
632,259,66,3,220.21
633,260,16,2,478.82
634,260,58,1,300.22
635,260,19,1,303.84
636,260,7,2,113.23
637,261,32,1,188.24
638,261,42,3,403.5
639,261,93,2,450.31
640,261,25,1,290.79
641,262,64,2,376.68
642,262,64,1,376.68
643,262,12,2,142.7
644,262,65,2,173.39
645,263,7,1,113.23
646,263,37,2,126.18
647,263,77,3,165.46
648,264,14,2,350.58
649,265,98,2,40.14
650,265,47,1,200.84
651,265,52,1,449.42
652,266,71,2,435.91
653,266,10,2,352.16
654,266,65,2,173.39
655,267,17,1,55.59
656,268,72,2,421.63
657,268,97,1,296.28
658,268,26,3,39.43
659,269,6,1,20.73
660,270,67,2,6.61
661,270,20,3,366.22
662,270,66,1,220.21
663,270,42,3,403.5
664,271,76,2,459.65
665,271,65,3,173.39
666,271,69,2,486.08
667,272,3,2,74.07
668,272,43,3,137.53
669,272,15,2,142.55
670,272,75,2,271.99
671,273,77,2,165.46
672,274,93,1,450.31
673,274,75,2,271.99
674,275,19,3,303.84
675,275,32,1,188.24
676,275,74,3,190.09
677,275,15,1,142.55
678,276,20,2,366.22
679,276,89,1,378.86
680,276,53,3,184.19
681,276,100,3,453.18
682,277,91,1,202.5
683,278,85,2,331.58
684,278,68,2,438.55
685,278,41,1,118.38
686,279,70,2,256.3
687,279,87,3,436.85
688,279,88,3,482.36
689,280,25,1,290.79
690,280,36,3,89.71
691,280,39,1,345.64
692,280,39,2,345.64
693,281,41,2,118.38
694,281,45,3,438.8
695,281,93,2,450.31
696,281,37,1,126.18
697,282,51,2,374.77
698,282,99,1,34.14
699,282,38,1,192.83
700,282,37,3,126.18
701,283,84,2,384.09
702,283,96,2,296.21
703,283,28,1,492.68
704,283,69,2,486.08
705,284,18,1,52.87
706,284,79,3,439.97
707,284,76,1,459.65
708,285,82,1,47.4
709,285,7,1,113.23
710,286,13,3,380.61
711,286,99,1,34.14
712,286,1,3,60.11
713,286,21,2,66.79
714,287,62,3,341.74
715,287,26,2,39.43
716,287,42,2,403.5
717,287,83,1,408.93
718,288,69,3,486.08
719,288,93,1,450.31
720,289,23,1,415.56
721,289,51,2,374.77
722,289,24,3,443.3
723,289,38,1,192.83
724,290,43,2,137.53
725,291,18,3,52.87
726,291,60,2,266.91
727,291,25,1,290.79
728,291,43,1,137.53
729,292,92,1,326.69
730,292,2,3,141.14
731,292,44,2,457.0
732,293,23,3,415.56
733,293,82,2,47.4
734,294,12,2,142.7
735,294,86,1,86.74
736,294,24,1,443.3
737,295,1,2,60.11
738,295,50,1,282.88
739,296,39,3,345.64
740,296,93,3,450.31
741,296,2,2,141.14
742,297,8,3,303.0
743,297,16,2,478.82
744,298,89,1,378.86
745,298,82,2,47.4
746,298,48,3,232.13
747,299,62,1,341.74
748,299,59,3,193.9
749,300,97,3,296.28
750,300,86,1,86.74
751,300,98,1,40.14
752,300,88,3,482.36
753,301,68,3,438.55
754,301,47,1,200.84
755,301,73,1,306.44
756,301,8,3,303.0
757,302,22,2,44.01
758,302,67,2,6.61
759,303,12,3,142.7
760,303,58,1,300.22
761,303,59,1,193.9
762,303,66,2,220.21
763,304,87,2,436.85
764,304,93,1,450.31
765,304,51,2,374.77
766,304,1,3,60.11
767,305,55,2,379.11
768,306,9,2,103.42
769,307,99,1,34.14
770,307,99,3,34.14
771,308,48,2,232.13
772,308,58,2,300.22
773,308,49,1,74.12
774,308,88,3,482.36
775,309,16,1,478.82
776,309,69,2,486.08
777,309,68,1,438.55
778,310,97,1,296.28
779,311,69,2,486.08
780,311,30,1,142.6
781,311,59,2,193.9
782,311,20,2,366.22
783,312,5,3,48.03
784,313,31,1,417.88
785,314,58,3,300.22
786,315,32,3,188.24
787,316,70,1,256.3
788,316,97,1,296.28
789,317,30,3,142.6
790,317,74,2,190.09
791,317,74,3,190.09
792,318,31,2,417.88
793,318,19,3,303.84
794,318,67,1,6.61
795,319,72,3,421.63
796,320,81,3,439.61
797,320,55,3,379.11
798,321,83,3,408.93
799,321,49,3,74.12
800,321,41,3,118.38
801,322,49,1,74.12
802,322,97,3,296.28
803,322,61,1,431.09
804,323,60,1,266.91
805,323,72,2,421.63
806,324,50,1,282.88
807,324,33,1,336.74
808,325,48,1,232.13
809,325,69,3,486.08
810,325,25,1,290.79
811,325,35,2,40.34
812,326,10,1,352.16
813,327,62,1,341.74
814,327,43,2,137.53
815,328,25,3,290.79
816,328,16,3,478.82
817,329,90,3,104.57
818,329,91,1,202.5
819,330,100,2,453.18
820,330,49,2,74.12
821,330,69,3,486.08
822,331,66,2,220.21
823,331,60,1,266.91
824,331,93,2,450.31
825,332,48,2,232.13
826,332,53,1,184.19
827,333,3,2,74.07
828,333,71,3,435.91
829,334,20,1,366.22
830,334,43,1,137.53
831,334,49,3,74.12
832,335,33,2,336.74
833,335,93,3,450.31
834,335,95,2,36.69
835,336,22,1,44.01
836,336,93,3,450.31
837,336,63,1,342.45
838,337,68,1,438.55
839,338,98,1,40.14
840,339,9,3,103.42
841,339,20,1,366.22
842,340,8,3,303.0
843,340,82,3,47.4
844,340,79,2,439.97
845,341,69,3,486.08
846,342,69,2,486.08
847,342,3,3,74.07
848,342,90,3,104.57
849,343,14,1,350.58
850,343,68,1,438.55
851,344,46,2,110.25
852,344,51,1,374.77
853,344,48,2,232.13
854,345,39,3,345.64
855,345,11,3,114.12
856,346,12,2,142.7
857,347,8,3,303.0
858,347,2,3,141.14
859,347,22,1,44.01
860,347,64,2,376.68
861,348,68,1,438.55
862,349,35,1,40.34
863,349,10,3,352.16
864,349,36,3,89.71
865,349,73,3,306.44
866,350,3,1,74.07
867,350,76,1,459.65
868,350,97,3,296.28
869,351,39,1,345.64
870,352,87,3,436.85
871,352,43,2,137.53
872,352,97,3,296.28
873,352,18,3,52.87
874,353,7,1,113.23
875,353,56,1,80.66
876,353,10,2,352.16
877,354,100,2,453.18
878,354,4,3,339.97
879,354,35,2,40.34
880,354,63,1,342.45
881,355,56,1,80.66
882,355,88,3,482.36
883,355,85,2,331.58
884,355,11,3,114.12
885,356,11,2,114.12
886,357,95,2,36.69
887,357,41,2,118.38
888,358,57,2,397.08
889,358,98,2,40.14
890,358,14,1,350.58
891,359,72,3,421.63
892,359,66,2,220.21
893,359,14,1,350.58
894,359,12,2,142.7
895,360,50,1,282.88
896,360,38,2,192.83
897,360,50,1,282.88
898,361,74,3,190.09
899,361,22,3,44.01
900,362,39,2,345.64
901,362,64,1,376.68
902,362,9,1,103.42
903,363,62,1,341.74
904,363,47,2,200.84
905,363,32,3,188.24
906,364,59,1,193.9
907,364,18,2,52.87
908,365,80,2,123.53
909,365,43,2,137.53
910,365,43,2,137.53
911,366,39,2,345.64
912,366,78,3,60.37
913,367,51,2,374.77
914,367,38,3,192.83
915,368,42,2,403.5
916,368,36,2,89.71
917,369,76,3,459.65
918,369,24,3,443.3
919,370,91,1,202.5
920,370,57,2,397.08
921,370,89,1,378.86
922,370,53,3,184.19
923,371,31,2,417.88
924,371,85,1,331.58
925,371,92,2,326.69
926,372,77,2,165.46
927,372,75,2,271.99
928,372,69,3,486.08
929,372,89,2,378.86
930,373,90,3,104.57
931,373,77,3,165.46
932,373,11,1,114.12
933,374,22,3,44.01
934,374,79,1,439.97
935,374,73,3,306.44
936,375,56,1,80.66
937,375,2,1,141.14
938,375,34,1,468.64
939,376,58,2,300.22
940,376,51,2,374.77
941,377,45,1,438.8
942,377,62,1,341.74
943,378,15,3,142.55
944,379,59,1,193.9
945,379,67,2,6.61
946,379,45,2,438.8
947,380,41,1,118.38
948,380,39,1,345.64
949,380,91,1,202.5
950,380,3,2,74.07
951,381,95,1,36.69
952,381,67,1,6.61
953,382,60,1,266.91
954,382,52,3,449.42
955,382,24,1,443.3
956,382,82,3,47.4
957,383,58,3,300.22
958,383,55,2,379.11
959,384,36,3,89.71
960,384,9,3,103.42
961,385,47,2,200.84
962,385,26,2,39.43
963,386,68,3,438.55
964,386,41,3,118.38
965,386,50,3,282.88
966,386,51,3,374.77
967,387,80,1,123.53
968,387,87,3,436.85
969,387,39,3,345.64
970,387,76,1,459.65
971,388,31,2,417.88
972,389,66,2,220.21
973,389,54,3,257.22
974,390,24,2,443.3
975,390,82,3,47.4
976,390,89,3,378.86
977,390,23,3,415.56
978,391,24,2,443.3
979,391,58,3,300.22
980,392,63,1,342.45
981,393,53,3,184.19
982,393,63,2,342.45
983,393,91,2,202.5
984,393,63,1,342.45
985,394,38,1,192.83
986,394,36,1,89.71
987,395,73,3,306.44
988,395,99,2,34.14
989,395,71,3,435.91
990,395,15,3,142.55
991,396,70,1,256.3
992,396,98,3,40.14
993,396,57,3,397.08
994,397,95,3,36.69
995,398,58,2,300.22
996,399,57,1,397.08
997,400,95,3,36.69
998,400,89,2,378.86
999,401,22,3,44.01
1000,401,18,1,52.87
1001,401,27,1,117.81
1002,401,73,2,306.44
1003,402,42,3,403.5
1004,402,38,2,192.83
1005,403,18,2,52.87
1006,404,84,1,384.09
1007,404,90,1,104.57
1008,404,32,1,188.24
1009,405,98,3,40.14
1010,405,51,2,374.77
1011,406,81,2,439.61
1012,406,49,2,74.12
1013,406,10,3,352.16
1014,407,52,3,449.42
1015,408,59,2,193.9
1016,408,42,3,403.5
1017,408,1,3,60.11
1018,409,82,3,47.4
1019,409,90,2,104.57
1020,409,9,3,103.42
1021,409,51,1,374.77
1022,410,64,2,376.68
1023,410,42,2,403.5
1024,411,73,2,306.44
1025,411,44,3,457.0
1026,412,81,2,439.61
1027,413,57,2,397.08
1028,413,1,2,60.11
1029,414,84,2,384.09
1030,414,21,2,66.79
1031,415,11,2,114.12
1032,415,86,3,86.74
1033,415,22,1,44.01
1034,416,55,3,379.11
1035,416,12,3,142.7
1036,417,10,1,352.16
1037,417,76,1,459.65
1038,417,67,3,6.61
1039,417,57,1,397.08
1040,418,55,3,379.11
1041,419,50,1,282.88
1042,419,94,1,64.9
1043,420,18,2,52.87
1044,420,100,1,453.18
1045,420,83,3,408.93
1046,421,79,3,439.97
1047,422,81,3,439.61
1048,422,20,2,366.22
1049,423,12,1,142.7
1050,423,18,1,52.87
1051,424,55,2,379.11
1052,424,18,1,52.87
1053,424,36,3,89.71
1054,425,100,3,453.18
1055,425,4,3,339.97
1056,425,39,1,345.64
1057,426,96,2,296.21
1058,426,38,3,192.83
1059,427,64,2,376.68
1060,427,15,1,142.55
1061,428,68,1,438.55
1062,429,50,3,282.88
1063,429,54,2,257.22
1064,430,99,1,34.14
1065,430,3,3,74.07
1066,430,9,1,103.42
1067,430,34,1,468.64
1068,431,65,2,173.39
1069,431,81,3,439.61
1070,431,65,2,173.39
1071,431,55,3,379.11
1072,432,36,1,89.71
1073,432,40,1,343.88
1074,433,69,2,486.08
1075,433,51,3,374.77
1076,434,40,3,343.88
1077,435,8,1,303.0
1078,435,12,2,142.7
1079,436,40,3,343.88
1080,437,16,1,478.82
1081,437,91,1,202.5
1082,438,45,3,438.8
1083,438,67,3,6.61
1084,438,34,1,468.64
1085,438,48,1,232.13
1086,439,94,1,64.9
1087,439,99,1,34.14
1088,439,43,2,137.53
1089,440,92,3,326.69
1090,440,81,1,439.61
1091,440,64,2,376.68
1092,441,73,1,306.44
1093,441,48,1,232.13
1094,441,33,1,336.74
1095,441,74,3,190.09
1096,442,6,1,20.73
1097,443,50,1,282.88
1098,443,23,1,415.56
1099,443,71,3,435.91
1100,444,42,1,403.5
1101,444,54,3,257.22
1102,445,74,2,190.09
1103,446,23,1,415.56
1104,447,52,1,449.42
1105,448,100,2,453.18
1106,448,42,1,403.5
1107,448,71,2,435.91
1108,449,73,2,306.44
1109,449,95,3,36.69
1110,449,32,2,188.24
1111,450,99,1,34.14
1112,450,94,3,64.9
1113,450,98,1,40.14
1114,450,20,1,366.22
1115,451,70,2,256.3
1116,451,82,3,47.4
1117,452,1,3,60.11
1118,452,49,3,74.12
1119,452,94,2,64.9
1120,453,54,2,257.22
1121,453,8,1,303.0
1122,454,30,3,142.6
1123,455,59,3,193.9
1124,455,11,3,114.12
1125,455,13,3,380.61
1126,456,10,3,352.16
1127,456,73,1,306.44
1128,456,56,3,80.66
1129,456,17,1,55.59
1130,457,51,3,374.77
1131,457,95,2,36.69
1132,457,41,2,118.38
1133,458,18,3,52.87
1134,458,14,1,350.58
1135,459,41,2,118.38
1136,459,16,3,478.82
1137,459,46,1,110.25
1138,459,58,2,300.22
1139,460,12,1,142.7
1140,461,28,2,492.68
1141,462,46,2,110.25
1142,462,66,1,220.21
1143,463,4,2,339.97
1144,463,58,3,300.22
1145,464,60,1,266.91
1146,465,2,1,141.14
1147,466,17,1,55.59
1148,466,52,2,449.42
1149,467,75,3,271.99
1150,468,3,1,74.07
1151,469,17,1,55.59
1152,469,43,1,137.53
1153,469,6,2,20.73
1154,469,7,1,113.23
1155,470,64,1,376.68
1156,470,49,3,74.12
1157,470,55,1,379.11
1158,470,46,1,110.25
1159,471,58,1,300.22
1160,471,5,3,48.03
1161,471,80,3,123.53
1162,472,53,3,184.19
1163,472,62,1,341.74
1164,472,12,2,142.7
1165,472,50,1,282.88
1166,473,81,3,439.61
1167,473,3,2,74.07
1168,474,70,2,256.3
1169,474,45,3,438.8
1170,474,65,2,173.39
1171,474,50,2,282.88
1172,475,4,2,339.97
1173,475,8,2,303.0
1174,476,21,1,66.79
1175,476,32,3,188.24
1176,477,98,1,40.14
1177,478,46,1,110.25
1178,478,23,1,415.56
1179,478,76,2,459.65
1180,478,95,3,36.69
1181,479,91,3,202.5
1182,480,73,1,306.44
1183,480,64,3,376.68
1184,481,12,1,142.7
1185,482,68,2,438.55
1186,483,17,2,55.59
1187,483,92,1,326.69
1188,484,8,1,303.0
1189,484,19,3,303.84
1190,484,91,1,202.5
1191,485,10,2,352.16
1192,485,91,3,202.5
1193,485,51,3,374.77
1194,486,18,1,52.87
1195,486,94,2,64.9
1196,486,82,2,47.4
1197,487,29,3,433.91
1198,487,76,1,459.65
1199,487,49,2,74.12
1200,488,23,3,415.56
1201,488,1,3,60.11
1202,489,24,3,443.3
1203,490,82,3,47.4
1204,490,14,2,350.58
1205,491,31,2,417.88
1206,492,91,3,202.5
1207,493,58,1,300.22
1208,493,34,1,468.64
1209,493,32,3,188.24
1210,494,93,1,450.31
1211,495,22,2,44.01
1212,495,64,2,376.68
1213,495,45,3,438.8
1214,495,49,1,74.12
1215,496,21,2,66.79
1216,496,10,1,352.16
1217,497,14,1,350.58
1218,497,44,1,457.0
1219,497,49,1,74.12
1220,498,44,3,457.0
1221,499,56,3,80.66
1222,500,21,1,66.79
1223,500,13,2,380.61
1224,500,27,1,117.81
1225,500,53,3,184.19
1226,501,85,2,331.58
1227,501,39,1,345.64
1228,501,13,1,380.61
1229,502,20,1,366.22
1230,502,47,1,200.84
1231,502,55,1,379.11
1232,502,38,3,192.83
1233,503,13,1,380.61
1234,503,27,1,117.81
1235,504,61,1,431.09
1236,505,63,3,342.45
1237,505,34,1,468.64
1238,505,83,3,408.93
1239,505,50,1,282.88
1240,506,24,2,443.3
1241,506,6,2,20.73
1242,506,57,2,397.08
1243,507,73,1,306.44
1244,507,20,3,366.22
1245,507,86,1,86.74
1246,508,97,3,296.28
1247,508,30,3,142.6
1248,508,8,2,303.0
1249,508,67,2,6.61
1250,509,74,1,190.09
1251,509,61,2,431.09
1252,509,11,2,114.12
1253,509,92,1,326.69
1254,510,16,2,478.82
1255,510,23,1,415.56
1256,511,17,1,55.59
1257,511,55,1,379.11
1258,512,77,2,165.46
1259,512,41,3,118.38
1260,513,50,3,282.88
1261,514,67,2,6.61
1262,514,2,3,141.14
1263,514,80,3,123.53
1264,515,54,1,257.22
1265,516,14,3,350.58
1266,517,69,2,486.08
1267,517,53,2,184.19
1268,517,50,3,282.88
1269,518,5,1,48.03
1270,518,36,2,89.71
1271,518,19,3,303.84
1272,518,78,3,60.37
1273,519,43,3,137.53
1274,519,31,1,417.88
1275,519,96,2,296.21
1276,519,35,2,40.34
1277,520,40,2,343.88
1278,520,63,3,342.45
1279,520,88,1,482.36
1280,521,39,3,345.64
1281,521,57,2,397.08
1282,522,25,2,290.79
1283,523,95,2,36.69
1284,523,98,3,40.14
1285,523,48,1,232.13
1286,523,66,1,220.21
1287,524,18,3,52.87
1288,524,73,1,306.44
1289,524,23,1,415.56
1290,524,26,1,39.43
1291,525,47,3,200.84
1292,526,65,2,173.39
1293,526,82,1,47.4
1294,526,88,1,482.36
1295,526,31,2,417.88
1296,527,61,3,431.09
1297,527,71,2,435.91
1298,528,96,3,296.21
1299,528,12,2,142.7
1300,528,4,2,339.97
1301,529,29,3,433.91
1302,529,29,3,433.91
1303,530,66,1,220.21
1304,530,100,3,453.18
1305,530,2,2,141.14
1306,530,17,3,55.59
1307,531,29,2,433.91
1308,532,92,3,326.69
1309,532,83,2,408.93
1310,532,55,2,379.11
1311,533,28,2,492.68
1312,533,39,3,345.64
1313,533,67,3,6.61
1314,534,66,3,220.21
1315,535,72,3,421.63
1316,535,77,3,165.46
1317,535,37,2,126.18
1318,536,44,2,457.0
1319,537,34,3,468.64
1320,537,92,3,326.69
1321,537,39,1,345.64
1322,538,8,3,303.0
1323,538,52,3,449.42
1324,539,84,2,384.09
1325,540,52,2,449.42
1326,540,95,1,36.69
1327,540,75,3,271.99
1328,540,74,1,190.09
1329,541,88,3,482.36
1330,541,82,2,47.4
1331,542,65,2,173.39
1332,542,22,3,44.01
1333,542,72,1,421.63
1334,543,95,2,36.69
1335,543,93,3,450.31
1336,544,84,1,384.09
1337,544,29,2,433.91
1338,544,29,3,433.91
1339,545,48,2,232.13
1340,545,75,2,271.99
1341,545,60,1,266.91
1342,546,61,1,431.09
1343,547,68,2,438.55
1344,547,53,1,184.19
1345,547,20,1,366.22
1346,547,26,2,39.43
1347,548,19,2,303.84
1348,548,92,1,326.69
1349,548,100,1,453.18
1350,548,63,2,342.45
1351,549,82,1,47.4
1352,549,1,2,60.11
1353,549,36,1,89.71
1354,550,63,1,342.45
1355,550,17,3,55.59
1356,551,55,2,379.11
1357,551,50,1,282.88
1358,551,5,3,48.03
1359,551,26,3,39.43
1360,552,97,3,296.28
1361,552,25,1,290.79
1362,552,87,1,436.85
1363,553,89,2,378.86
1364,553,40,1,343.88
1365,554,22,1,44.01
1366,554,6,2,20.73
1367,554,38,2,192.83
1368,555,56,3,80.66
1369,555,18,2,52.87
1370,555,63,2,342.45
1371,556,3,1,74.07
1372,556,29,3,433.91
1373,556,17,1,55.59
1374,556,94,1,64.9
1375,557,47,3,200.84
1376,558,82,2,47.4
1377,558,99,3,34.14
1378,558,80,1,123.53
1379,558,77,1,165.46
1380,559,7,3,113.23
1381,560,16,3,478.82
1382,560,33,2,336.74
1383,560,90,1,104.57
1384,560,27,3,117.81
1385,561,54,3,257.22
1386,561,13,3,380.61
1387,561,67,2,6.61
1388,562,54,1,257.22
1389,562,66,3,220.21
1390,563,14,2,350.58
1391,564,67,1,6.61
1392,564,46,3,110.25
1393,564,53,2,184.19
1394,565,27,3,117.81
1395,565,62,2,341.74
1396,565,31,1,417.88
1397,565,2,3,141.14
1398,566,20,1,366.22
1399,566,100,3,453.18
1400,566,10,3,352.16
1401,566,93,1,450.31
1402,567,59,2,193.9
1403,567,34,2,468.64
1404,568,6,2,20.73
1405,568,47,3,200.84
1406,569,13,1,380.61
1407,570,43,2,137.53
1408,570,57,3,397.08
1409,571,48,2,232.13
1410,572,59,2,193.9
1411,572,50,3,282.88
1412,572,62,2,341.74
1413,572,84,1,384.09
1414,573,21,1,66.79
1415,574,73,3,306.44
1416,574,57,1,397.08
1417,574,79,2,439.97
1418,574,100,2,453.18
1419,575,62,2,341.74
1420,575,15,2,142.55
1421,576,84,2,384.09
1422,576,2,3,141.14
1423,576,87,3,436.85
1424,577,86,2,86.74
1425,577,67,3,6.61
1426,578,56,3,80.66
1427,579,85,3,331.58
1428,579,83,2,408.93
1429,579,20,3,366.22
1430,580,2,3,141.14
1431,581,64,1,376.68
1432,581,10,2,352.16
1433,581,42,1,403.5
1434,581,43,2,137.53
1435,582,52,1,449.42
1436,582,11,2,114.12
1437,582,57,3,397.08
1438,582,58,1,300.22
1439,583,16,2,478.82
1440,583,96,3,296.21
1441,583,3,1,74.07
1442,584,12,3,142.7
1443,585,66,3,220.21
1444,585,27,3,117.81
1445,585,86,2,86.74
1446,586,29,2,433.91
1447,587,92,3,326.69
1448,587,47,3,200.84
1449,587,58,1,300.22
1450,587,13,3,380.61
1451,588,82,2,47.4
1452,588,71,3,435.91
1453,588,48,3,232.13
1454,589,64,1,376.68
1455,589,92,3,326.69
1456,590,79,1,439.97
1457,590,25,1,290.79
1458,590,51,1,374.77
1459,591,92,2,326.69
1460,591,14,2,350.58
1461,592,99,2,34.14
1462,593,64,1,376.68
1463,593,68,3,438.55
1464,594,75,2,271.99
1465,594,66,1,220.21
1466,594,89,3,378.86
1467,594,23,3,415.56
1468,595,85,3,331.58
1469,595,78,2,60.37
1470,595,65,2,173.39
1471,595,54,3,257.22
1472,596,36,2,89.71
1473,596,44,2,457.0
1474,597,53,3,184.19
1475,597,90,3,104.57
1476,598,92,3,326.69
1477,598,71,3,435.91
1478,598,28,1,492.68
1479,599,88,2,482.36
1480,599,87,1,436.85
1481,599,91,3,202.5
1482,600,91,1,202.5
1483,600,98,2,40.14
1484,600,72,2,421.63
1485,601,87,3,436.85
1486,601,69,2,486.08
1487,601,55,1,379.11
1488,601,67,1,6.61
1489,602,86,1,86.74
1490,603,37,3,126.18
1491,603,33,1,336.74
1492,604,27,3,117.81
1493,604,5,2,48.03
1494,604,58,1,300.22
1495,605,96,3,296.21
1496,605,72,2,421.63
1497,606,89,3,378.86
1498,606,7,2,113.23
1499,606,50,2,282.88
1500,607,71,1,435.91
1501,607,2,3,141.14
1502,607,33,1,336.74
1503,608,29,3,433.91
1504,608,91,3,202.5
1505,608,83,2,408.93
1506,608,97,3,296.28
1507,609,100,3,453.18
1508,609,25,2,290.79
1509,610,24,1,443.3
1510,611,6,2,20.73
1511,611,36,3,89.71
1512,611,34,1,468.64
1513,611,21,3,66.79
1514,612,60,3,266.91
1515,612,20,1,366.22
1516,612,20,2,366.22
1517,613,63,3,342.45
1518,613,71,2,435.91
1519,613,10,3,352.16
1520,614,67,1,6.61
1521,614,65,1,173.39
1522,615,12,2,142.7
1523,615,29,1,433.91
1524,615,85,2,331.58
1525,615,43,2,137.53
1526,616,72,3,421.63
1527,616,2,1,141.14
1528,616,86,2,86.74
1529,616,58,1,300.22
1530,617,6,3,20.73
1531,617,42,2,403.5
1532,618,50,2,282.88
1533,619,67,2,6.61
1534,620,63,1,342.45
1535,620,38,3,192.83
1536,620,25,2,290.79
1537,620,66,1,220.21
1538,621,81,1,439.61
1539,622,88,2,482.36
1540,622,14,1,350.58
1541,623,83,1,408.93
1542,623,96,3,296.21
1543,623,20,1,366.22
1544,623,59,3,193.9
1545,624,7,1,113.23
1546,625,74,1,190.09
1547,626,58,3,300.22
1548,626,52,2,449.42
1549,626,41,1,118.38
1550,626,50,3,282.88
1551,627,97,3,296.28
1552,628,46,3,110.25
1553,629,78,1,60.37
1554,629,37,2,126.18
1555,629,49,2,74.12
1556,630,21,3,66.79
1557,630,29,1,433.91
1558,630,96,2,296.21
1559,630,70,2,256.3
1560,631,87,3,436.85
1561,631,83,2,408.93
1562,631,2,3,141.14
1563,632,6,1,20.73
1564,633,40,1,343.88
1565,634,28,2,492.68
1566,634,83,3,408.93
1567,634,19,1,303.84
1568,635,25,1,290.79
1569,635,24,3,443.3
1570,635,73,1,306.44
1571,636,83,3,408.93
1572,636,10,2,352.16
1573,636,86,1,86.74
1574,636,33,1,336.74
1575,637,43,2,137.53
1576,637,17,3,55.59
1577,637,84,1,384.09
1578,637,13,2,380.61
1579,638,41,2,118.38
1580,638,58,2,300.22
1581,639,73,3,306.44
1582,639,47,2,200.84
1583,640,41,1,118.38
1584,641,36,2,89.71
1585,641,18,3,52.87
1586,641,94,2,64.9
1587,641,62,2,341.74
1588,642,63,3,342.45
1589,642,14,1,350.58
1590,642,83,3,408.93
1591,643,69,1,486.08
1592,643,34,3,468.64
1593,644,3,3,74.07
1594,645,99,3,34.14
1595,645,28,1,492.68
1596,645,71,2,435.91
1597,645,70,3,256.3
1598,646,47,2,200.84
1599,646,29,3,433.91
1600,647,60,3,266.91
1601,647,66,1,220.21
1602,648,85,1,331.58
1603,649,97,3,296.28
1604,649,18,2,52.87
1605,650,95,3,36.69
1606,650,62,2,341.74
1607,651,30,1,142.6
1608,651,34,2,468.64
1609,651,30,1,142.6
1610,651,86,1,86.74
1611,652,50,2,282.88
1612,652,59,1,193.9
1613,652,6,3,20.73
1614,653,95,2,36.69
1615,653,75,3,271.99
1616,653,73,1,306.44
1617,654,76,3,459.65
1618,654,10,3,352.16
1619,654,33,2,336.74
1620,655,46,2,110.25
1621,655,63,2,342.45
1622,655,78,1,60.37
1623,655,65,1,173.39
1624,656,66,3,220.21
1625,657,21,2,66.79
1626,657,78,3,60.37
1627,658,54,2,257.22
1628,658,93,1,450.31
1629,659,27,3,117.81
1630,659,21,3,66.79
1631,659,53,1,184.19
1632,659,32,1,188.24
1633,660,18,3,52.87
1634,660,66,1,220.21
1635,661,22,2,44.01
1636,662,77,3,165.46
1637,662,82,1,47.4
1638,662,93,3,450.31
1639,662,85,2,331.58
1640,663,78,2,60.37
1641,663,62,1,341.74
1642,663,29,2,433.91
1643,663,77,1,165.46
1644,664,80,3,123.53
1645,664,66,2,220.21
1646,665,59,3,193.9
1647,665,76,1,459.65
1648,665,30,2,142.6
1649,666,26,3,39.43
1650,667,20,3,366.22
1651,667,13,1,380.61
1652,667,61,3,431.09
1653,667,77,1,165.46
1654,668,12,2,142.7
1655,669,100,3,453.18
1656,670,48,1,232.13
1657,670,90,3,104.57
1658,670,55,1,379.11
1659,670,62,2,341.74
1660,671,55,1,379.11
1661,672,11,2,114.12
1662,672,77,3,165.46
1663,673,91,3,202.5
1664,674,67,1,6.61
1665,675,53,2,184.19
1666,675,14,1,350.58
1667,675,55,3,379.11
1668,676,73,2,306.44
1669,676,79,2,439.97
1670,676,88,2,482.36
1671,676,97,1,296.28
1672,677,23,2,415.56
1673,677,72,3,421.63
1674,677,62,2,341.74
1675,677,40,3,343.88
1676,678,95,1,36.69
1677,678,85,1,331.58
1678,678,96,1,296.21
1679,678,58,3,300.22
1680,679,66,2,220.21
1681,679,44,3,457.0
1682,680,21,2,66.79
1683,681,19,2,303.84
1684,682,9,2,103.42
1685,683,93,2,450.31
1686,684,92,3,326.69
1687,684,8,1,303.0
1688,684,82,2,47.4
1689,685,25,1,290.79
1690,685,77,3,165.46
1691,685,67,3,6.61
1692,686,47,1,200.84
1693,687,12,2,142.7
1694,687,100,2,453.18
1695,688,76,1,459.65
1696,688,67,1,6.61
1697,688,95,3,36.69
1698,688,9,1,103.42
1699,689,45,2,438.8
1700,689,29,3,433.91
1701,689,25,2,290.79
1702,690,34,1,468.64
1703,691,65,2,173.39
1704,692,69,3,486.08
1705,692,33,3,336.74
1706,692,57,2,397.08
1707,693,97,2,296.28
1708,693,100,2,453.18
1709,694,62,1,341.74
1710,695,87,3,436.85
1711,695,30,2,142.6
1712,696,90,2,104.57
1713,697,87,3,436.85
1714,697,44,1,457.0
1715,697,71,1,435.91
1716,697,61,2,431.09
1717,698,24,3,443.3
1718,698,88,1,482.36
1719,698,64,3,376.68
1720,699,34,1,468.64
1721,699,30,1,142.6
1722,700,20,1,366.22
1723,700,16,1,478.82
1724,700,87,3,436.85
1725,701,62,2,341.74
1726,702,63,1,342.45
1727,702,98,3,40.14
1728,702,36,2,89.71
1729,703,7,3,113.23
1730,703,55,2,379.11
1731,704,51,3,374.77
1732,704,100,1,453.18
1733,704,59,1,193.9
1734,705,89,1,378.86
1735,705,2,3,141.14
1736,705,27,2,117.81
1737,706,79,2,439.97
1738,706,24,3,443.3
1739,706,34,1,468.64
1740,707,47,1,200.84
1741,707,64,2,376.68
1742,707,27,2,117.81
1743,708,52,2,449.42
1744,708,58,1,300.22
1745,708,74,1,190.09
1746,709,93,2,450.31
1747,710,49,1,74.12
1748,710,19,3,303.84
1749,710,20,2,366.22
1750,710,2,1,141.14
1751,711,63,2,342.45
1752,711,33,3,336.74
1753,711,73,1,306.44
1754,712,8,1,303.0
1755,712,33,2,336.74
1756,713,96,2,296.21
1757,713,34,2,468.64
1758,713,47,3,200.84
1759,713,72,2,421.63
1760,714,45,3,438.8
1761,715,100,2,453.18
1762,715,46,2,110.25
1763,716,11,2,114.12
1764,716,79,2,439.97
1765,716,60,3,266.91
1766,716,19,1,303.84
1767,717,54,3,257.22
1768,717,79,3,439.97
1769,717,52,1,449.42
1770,718,41,2,118.38
1771,718,84,2,384.09
1772,719,35,2,40.34
1773,719,100,2,453.18
1774,719,96,3,296.21
1775,719,67,2,6.61
1776,720,17,3,55.59
1777,721,27,1,117.81
1778,722,61,3,431.09
1779,723,68,1,438.55
1780,723,14,2,350.58
1781,723,80,1,123.53
1782,723,11,3,114.12
1783,724,30,1,142.6
1784,724,95,2,36.69
1785,724,57,3,397.08
1786,725,4,1,339.97
1787,725,85,2,331.58
1788,726,60,3,266.91
1789,726,35,3,40.34
1790,726,57,1,397.08
1791,726,90,3,104.57
1792,727,81,3,439.61
1793,727,82,3,47.4
1794,727,56,3,80.66
1795,727,82,3,47.4
1796,728,62,3,341.74
1797,728,30,1,142.6
1798,728,57,2,397.08
1799,729,39,1,345.64
1800,729,1,3,60.11
1801,730,45,2,438.8
1802,730,61,3,431.09
1803,731,97,2,296.28
1804,731,39,1,345.64
1805,731,99,2,34.14
1806,731,38,3,192.83
1807,732,25,2,290.79
1808,732,72,2,421.63
1809,732,51,1,374.77
1810,733,49,1,74.12
1811,733,34,1,468.64
1812,733,55,3,379.11
1813,733,31,3,417.88
1814,734,37,3,126.18
1815,734,96,3,296.21
1816,734,35,2,40.34
1817,735,18,2,52.87
1818,735,15,3,142.55
1819,736,90,3,104.57
1820,736,63,1,342.45
1821,736,42,1,403.5
1822,737,24,1,443.3
1823,738,94,1,64.9
1824,738,30,1,142.6
1825,738,20,1,366.22
1826,738,64,1,376.68
1827,739,48,2,232.13
1828,739,90,1,104.57
1829,739,43,1,137.53
1830,739,97,1,296.28
1831,740,10,3,352.16
1832,740,61,1,431.09
1833,740,25,2,290.79
1834,740,49,1,74.12
1835,741,50,2,282.88
1836,741,32,3,188.24
1837,742,67,3,6.61
1838,743,42,1,403.5
1839,743,81,3,439.61
1840,743,6,3,20.73
1841,744,33,2,336.74
1842,745,7,3,113.23
1843,745,28,1,492.68
1844,745,31,3,417.88
1845,746,36,3,89.71
1846,746,16,2,478.82
1847,747,75,3,271.99
1848,748,48,1,232.13
1849,748,32,1,188.24
1850,749,98,3,40.14
1851,749,8,1,303.0
1852,749,46,3,110.25
1853,750,17,2,55.59
1854,751,57,3,397.08
1855,751,25,1,290.79
1856,751,89,2,378.86
1857,752,6,2,20.73
1858,752,91,2,202.5
1859,752,72,2,421.63
1860,753,73,1,306.44
1861,753,70,2,256.3
1862,754,77,3,165.46
1863,754,21,1,66.79
1864,754,68,1,438.55
1865,755,70,2,256.3
1866,755,59,1,193.9
1867,755,100,3,453.18
1868,756,3,3,74.07
1869,756,47,3,200.84
1870,757,85,3,331.58
1871,758,99,3,34.14
1872,758,20,3,366.22
1873,758,37,2,126.18
1874,758,53,3,184.19
1875,759,6,1,20.73
1876,760,14,2,350.58
1877,760,25,1,290.79
1878,761,85,2,331.58
1879,761,68,3,438.55
1880,761,90,3,104.57
1881,761,33,1,336.74
1882,762,2,1,141.14
1883,763,60,3,266.91
1884,764,48,3,232.13
1885,764,8,3,303.0
1886,764,35,3,40.34
1887,764,6,3,20.73
1888,765,28,3,492.68
1889,766,69,2,486.08
1890,766,25,1,290.79
1891,767,72,3,421.63
1892,767,72,2,421.63
1893,768,87,2,436.85
1894,768,90,3,104.57
1895,768,55,1,379.11
1896,769,65,2,173.39
1897,769,85,1,331.58
1898,769,69,3,486.08
1899,769,57,2,397.08
1900,770,48,2,232.13
1901,770,98,3,40.14
1902,770,56,3,80.66
1903,771,49,3,74.12
1904,771,96,2,296.21
1905,772,51,1,374.77
1906,772,93,1,450.31
1907,772,37,3,126.18
1908,772,3,3,74.07
1909,773,1,2,60.11
1910,773,29,1,433.91
1911,773,41,1,118.38
1912,774,71,3,435.91
1913,774,72,3,421.63
1914,774,74,1,190.09
1915,775,20,1,366.22
1916,775,34,2,468.64
1917,775,75,1,271.99
1918,776,12,3,142.7
1919,776,52,3,449.42
1920,776,28,3,492.68
1921,777,23,2,415.56
1922,777,89,3,378.86
1923,777,74,1,190.09
1924,777,77,3,165.46
1925,778,11,1,114.12
1926,778,99,2,34.14
1927,778,45,2,438.8
1928,778,54,1,257.22
1929,779,82,3,47.4
1930,780,41,3,118.38
1931,781,20,1,366.22
1932,781,87,3,436.85
1933,782,29,2,433.91
1934,783,17,2,55.59
1935,783,11,2,114.12
1936,784,34,1,468.64
1937,784,52,3,449.42
1938,784,56,3,80.66
1939,784,17,1,55.59
1940,785,51,3,374.77
1941,785,74,1,190.09
1942,785,72,3,421.63
1943,785,95,3,36.69
1944,786,100,2,453.18
1945,786,42,3,403.5
1946,786,74,1,190.09
1947,787,47,2,200.84
1948,787,25,2,290.79
1949,787,45,3,438.8
1950,787,84,1,384.09
1951,788,79,2,439.97
1952,788,80,1,123.53
1953,788,57,1,397.08
1954,789,88,2,482.36
1955,789,20,3,366.22
1956,790,32,3,188.24
1957,791,2,2,141.14
1958,791,89,1,378.86
1959,791,40,2,343.88
1960,792,95,3,36.69
1961,792,28,1,492.68
1962,793,71,2,435.91
1963,793,80,3,123.53
1964,793,19,3,303.84
1965,794,75,3,271.99
1966,794,68,1,438.55
1967,794,33,1,336.74
1968,794,8,2,303.0
1969,795,7,2,113.23
1970,795,84,1,384.09
1971,795,9,2,103.42
1972,796,14,1,350.58
1973,796,38,3,192.83
1974,796,50,1,282.88
1975,797,41,2,118.38
1976,798,24,1,443.3
1977,799,6,1,20.73
1978,800,63,2,342.45
1979,800,96,1,296.21
1980,800,3,2,74.07
1981,801,31,3,417.88
1982,801,36,1,89.71
1983,801,81,2,439.61
1984,802,72,2,421.63
1985,803,85,1,331.58
1986,803,12,3,142.7
1987,803,49,3,74.12
1988,803,87,3,436.85
1989,804,54,1,257.22
1990,804,74,1,190.09
1991,805,58,3,300.22
1992,805,17,1,55.59
1993,805,84,1,384.09
1994,806,18,2,52.87
1995,806,89,3,378.86
1996,807,56,1,80.66
1997,807,84,3,384.09
1998,808,72,3,421.63
1999,809,41,1,118.38
2000,809,94,1,64.9
2001,810,53,2,184.19
2002,810,57,3,397.08
2003,810,82,3,47.4
2004,810,36,1,89.71
2005,811,24,1,443.3
2006,811,98,3,40.14
2007,812,77,1,165.46
2008,812,30,3,142.6
2009,813,18,3,52.87
2010,813,78,2,60.37
2011,813,92,3,326.69
2012,813,48,1,232.13
2013,814,18,1,52.87
2014,814,25,1,290.79
2015,814,5,2,48.03
2016,814,98,1,40.14
2017,815,29,3,433.91
2018,815,86,1,86.74
2019,815,97,1,296.28
2020,815,9,1,103.42
2021,816,79,2,439.97
2022,816,89,2,378.86
2023,816,59,1,193.9
2024,816,55,2,379.11
2025,817,93,2,450.31
2026,817,51,3,374.77
2027,817,96,3,296.21
2028,817,77,3,165.46
2029,818,67,1,6.61
2030,819,32,3,188.24
2031,820,72,2,421.63
2032,821,25,2,290.79
2033,822,100,2,453.18
2034,822,60,1,266.91
2035,822,55,2,379.11
2036,823,60,3,266.91
2037,823,58,1,300.22
2038,824,100,3,453.18
2039,824,90,3,104.57
2040,825,58,1,300.22
2041,825,23,2,415.56
2042,825,76,3,459.65
2043,826,12,2,142.7
2044,826,42,3,403.5
2045,826,84,3,384.09
2046,826,21,3,66.79
2047,827,91,2,202.5
2048,828,94,3,64.9
2049,828,79,1,439.97
2050,828,49,3,74.12
2051,828,49,1,74.12
2052,829,73,3,306.44
2053,829,20,1,366.22
2054,829,19,1,303.84
2055,830,40,2,343.88
2056,830,94,2,64.9
2057,830,37,3,126.18
2058,830,24,1,443.3
2059,831,1,3,60.11
2060,831,98,2,40.14
2061,832,70,1,256.3
2062,832,78,2,60.37
2063,832,31,1,417.88
2064,832,76,3,459.65
2065,833,11,3,114.12
2066,833,77,1,165.46
2067,833,32,3,188.24
2068,833,36,3,89.71
2069,834,7,1,113.23
2070,834,19,1,303.84
2071,835,5,3,48.03
2072,835,74,3,190.09
2073,836,7,1,113.23
2074,837,87,2,436.85
2075,837,79,3,439.97
2076,838,59,3,193.9
2077,838,75,2,271.99
2078,839,42,2,403.5
2079,839,49,1,74.12
2080,839,98,2,40.14
2081,840,61,1,431.09
2082,840,16,3,478.82
2083,840,36,2,89.71
2084,841,90,1,104.57
2085,841,79,1,439.97
2086,842,62,3,341.74
2087,843,55,3,379.11
2088,843,41,2,118.38
2089,843,68,3,438.55
2090,844,79,3,439.97
2091,844,64,3,376.68
2092,845,24,3,443.3
2093,845,30,3,142.6
2094,845,38,1,192.83
2095,845,1,1,60.11
2096,846,95,1,36.69
2097,847,53,1,184.19
2098,847,43,2,137.53
2099,847,72,3,421.63
2100,847,28,1,492.68
2101,848,33,1,336.74
2102,848,40,2,343.88
2103,848,65,3,173.39
2104,849,88,2,482.36
2105,850,23,1,415.56
2106,851,61,1,431.09
2107,851,83,1,408.93
2108,851,62,1,341.74
2109,851,81,2,439.61
2110,852,60,2,266.91
2111,852,96,1,296.21
2112,852,67,2,6.61
2113,853,72,3,421.63
2114,853,3,1,74.07
2115,853,74,3,190.09
2116,854,9,1,103.42
2117,854,36,1,89.71
2118,854,44,2,457.0
2119,855,74,3,190.09
2120,855,50,1,282.88
2121,856,91,2,202.5
2122,856,91,1,202.5
2123,856,35,2,40.34
2124,857,48,2,232.13
2125,857,39,1,345.64
2126,858,48,1,232.13
2127,859,57,3,397.08
2128,860,25,2,290.79
2129,860,62,3,341.74
2130,861,19,1,303.84
2131,861,67,3,6.61
2132,861,17,1,55.59
2133,862,92,3,326.69
2134,862,15,1,142.55
2135,862,40,1,343.88
2136,862,88,3,482.36
2137,863,6,1,20.73
2138,863,67,3,6.61
2139,863,96,2,296.21
2140,863,3,3,74.07
2141,864,42,1,403.5
2142,864,25,2,290.79
2143,865,86,1,86.74
2144,865,35,1,40.34
2145,865,21,2,66.79
2146,865,15,1,142.55
2147,866,27,3,117.81
2148,867,19,3,303.84
2149,867,37,3,126.18
2150,867,32,1,188.24
2151,868,70,2,256.3
2152,868,7,1,113.23
2153,868,4,2,339.97
2154,869,50,1,282.88
2155,870,91,3,202.5
2156,870,76,3,459.65
2157,871,79,2,439.97
2158,871,40,2,343.88
2159,871,26,3,39.43
2160,871,98,3,40.14
2161,872,73,1,306.44
2162,872,12,3,142.7
2163,872,60,1,266.91
2164,872,59,2,193.9
2165,873,61,1,431.09
2166,873,29,1,433.91
2167,873,79,2,439.97
2168,873,47,2,200.84
2169,874,42,2,403.5
2170,874,63,1,342.45
2171,874,9,2,103.42
2172,875,22,2,44.01
2173,875,99,2,34.14
2174,875,78,3,60.37
2175,875,17,3,55.59
2176,876,42,3,403.5
2177,877,69,2,486.08
2178,877,52,3,449.42
2179,877,53,1,184.19
2180,878,62,2,341.74
2181,878,9,2,103.42
2182,879,56,3,80.66
2183,879,44,3,457.0
2184,879,89,1,378.86
2185,879,23,3,415.56
2186,880,15,3,142.55
2187,880,77,2,165.46
2188,880,42,3,403.5
2189,880,13,2,380.61
2190,881,9,3,103.42
2191,881,14,3,350.58
2192,881,77,2,165.46
2193,881,42,2,403.5
2194,882,28,1,492.68
2195,883,97,1,296.28
2196,884,50,3,282.88
2197,884,74,2,190.09
2198,884,26,1,39.43
2199,885,73,3,306.44
2200,885,39,2,345.64
2201,885,92,2,326.69
2202,886,17,2,55.59
2203,886,8,2,303.0
2204,886,71,1,435.91
2205,886,1,3,60.11
2206,887,15,2,142.55
2207,887,4,1,339.97
2208,887,56,3,80.66
2209,888,92,2,326.69
2210,888,52,2,449.42
2211,888,56,3,80.66
2212,889,18,1,52.87
2213,889,72,2,421.63
2214,889,47,2,200.84
2215,889,20,2,366.22
2216,890,2,1,141.14
2217,890,83,1,408.93
2218,891,85,2,331.58
2219,891,18,1,52.87
2220,891,18,3,52.87
2221,891,54,2,257.22
2222,892,80,1,123.53
2223,892,59,3,193.9
2224,892,55,3,379.11
2225,892,58,2,300.22
2226,893,78,1,60.37
2227,893,74,2,190.09
2228,893,94,1,64.9
2229,893,92,3,326.69
2230,894,5,1,48.03
2231,894,73,2,306.44
2232,894,91,2,202.5
2233,895,19,3,303.84
2234,896,60,3,266.91
2235,896,11,3,114.12
2236,896,79,1,439.97
2237,897,88,3,482.36
2238,898,79,1,439.97
2239,898,44,3,457.0
2240,898,100,1,453.18
2241,899,74,3,190.09
2242,899,43,2,137.53
2243,899,46,2,110.25
2244,899,38,1,192.83
2245,900,94,3,64.9
2246,900,34,1,468.64
2247,900,81,2,439.61
2248,901,85,2,331.58
2249,902,37,2,126.18
2250,903,36,2,89.71
2251,904,33,1,336.74
2252,904,95,1,36.69
2253,904,78,1,60.37
2254,905,85,2,331.58
2255,905,48,1,232.13
2256,906,63,1,342.45
2257,906,68,1,438.55
2258,907,77,1,165.46
2259,907,64,2,376.68
2260,908,93,3,450.31
2261,908,22,1,44.01
2262,908,74,3,190.09
2263,908,45,1,438.8
2264,909,7,1,113.23
2265,910,61,3,431.09
2266,910,97,3,296.28
2267,910,30,2,142.6
2268,911,34,1,468.64
2269,911,68,2,438.55
2270,911,2,2,141.14
2271,911,58,2,300.22
2272,912,13,3,380.61
2273,913,79,3,439.97
2274,913,35,2,40.34
2275,913,35,2,40.34
2276,913,13,2,380.61
2277,914,99,3,34.14
2278,914,96,1,296.21
2279,914,94,3,64.9
2280,914,76,1,459.65
2281,915,41,3,118.38
2282,915,2,3,141.14
2283,916,53,1,184.19
2284,917,45,1,438.8
2285,917,93,2,450.31
2286,917,33,1,336.74
2287,917,5,1,48.03
2288,918,77,3,165.46
2289,918,16,3,478.82
2290,919,49,3,74.12
2291,919,98,3,40.14
2292,920,15,3,142.55
2293,920,24,2,443.3
2294,921,82,2,47.4
2295,922,89,3,378.86
2296,922,99,2,34.14
2297,922,33,1,336.74
2298,922,100,1,453.18
2299,923,50,2,282.88
2300,923,8,2,303.0
2301,923,34,1,468.64
2302,923,57,1,397.08
2303,924,79,2,439.97
2304,924,23,3,415.56
2305,925,28,3,492.68
2306,925,83,1,408.93
2307,925,57,3,397.08
2308,925,34,1,468.64
2309,926,100,2,453.18
2310,926,3,2,74.07
2311,926,20,3,366.22
2312,927,86,2,86.74
2313,928,51,3,374.77
2314,928,1,3,60.11
2315,928,91,2,202.5
2316,929,70,1,256.3
2317,930,16,3,478.82
2318,930,69,2,486.08
2319,930,43,3,137.53
2320,930,39,2,345.64
2321,931,47,3,200.84
2322,932,59,2,193.9
2323,933,50,3,282.88
2324,934,14,3,350.58
2325,934,89,2,378.86
2326,934,63,1,342.45
2327,934,81,2,439.61
2328,935,25,1,290.79
2329,936,63,2,342.45
2330,936,9,3,103.42
2331,937,3,1,74.07
2332,937,44,1,457.0
2333,937,44,3,457.0
2334,937,6,2,20.73
2335,938,87,3,436.85
2336,938,20,3,366.22
2337,938,75,1,271.99
2338,938,10,1,352.16
2339,939,61,3,431.09
2340,940,2,1,141.14
2341,940,81,1,439.61
2342,941,59,3,193.9
2343,942,14,1,350.58
2344,943,9,1,103.42
2345,943,55,2,379.11
2346,944,42,1,403.5
2347,944,88,3,482.36
2348,944,70,1,256.3
2349,944,42,1,403.5
2350,945,43,1,137.53
2351,945,16,2,478.82
2352,946,90,2,104.57
2353,946,71,1,435.91
2354,947,18,1,52.87
2355,948,100,1,453.18
2356,948,3,2,74.07
2357,948,11,1,114.12
2358,948,1,1,60.11
2359,949,54,3,257.22
2360,949,99,2,34.14
2361,949,89,1,378.86
2362,950,67,2,6.61
2363,950,53,1,184.19
2364,950,23,3,415.56
2365,951,92,2,326.69
2366,951,79,1,439.97
2367,952,45,2,438.8
2368,952,1,3,60.11
2369,952,31,1,417.88
2370,953,80,2,123.53
2371,954,60,3,266.91
2372,954,85,1,331.58
2373,955,20,3,366.22
2374,956,64,1,376.68
2375,956,21,3,66.79
2376,956,6,1,20.73
2377,956,83,2,408.93
2378,957,43,3,137.53
2379,957,98,2,40.14
2380,957,6,1,20.73
2381,958,21,1,66.79
2382,958,63,3,342.45
2383,959,93,2,450.31
2384,959,76,3,459.65
2385,960,30,1,142.6
2386,960,42,1,403.5
2387,960,13,1,380.61
2388,961,49,1,74.12
2389,961,10,2,352.16
2390,962,19,1,303.84
2391,962,79,2,439.97
2392,962,23,2,415.56
2393,962,48,1,232.13
2394,963,35,1,40.34
2395,963,43,1,137.53
2396,963,5,3,48.03
2397,964,15,2,142.55
2398,964,59,2,193.9
2399,965,38,3,192.83
2400,965,21,3,66.79
2401,966,74,3,190.09
2402,966,30,1,142.6
2403,967,28,3,492.68
2404,967,61,2,431.09
2405,967,36,1,89.71
2406,967,94,2,64.9
2407,968,42,2,403.5
2408,968,75,1,271.99
2409,969,74,1,190.09
2410,969,54,1,257.22
2411,970,55,3,379.11
2412,971,58,2,300.22
2413,972,89,3,378.86
2414,973,46,2,110.25
2415,973,31,3,417.88
2416,974,21,3,66.79
2417,974,59,3,193.9
2418,974,96,3,296.21
2419,975,99,1,34.14
2420,975,91,2,202.5
2421,975,24,2,443.3
2422,975,81,2,439.61
2423,976,50,3,282.88
2424,977,55,2,379.11
2425,977,90,3,104.57
2426,977,70,3,256.3
2427,978,80,2,123.53
2428,979,7,1,113.23
2429,979,50,2,282.88
2430,979,60,3,266.91
2431,980,83,3,408.93
2432,980,91,1,202.5
2433,981,18,2,52.87
2434,981,31,3,417.88
2435,982,97,3,296.28
2436,982,98,1,40.14
2437,983,65,3,173.39
2438,983,55,2,379.11
2439,983,7,1,113.23
2440,984,65,3,173.39
2441,984,16,2,478.82
2442,984,91,3,202.5
2443,984,87,3,436.85
2444,985,87,3,436.85
2445,985,9,1,103.42
2446,985,59,1,193.9
2447,986,37,1,126.18
2448,986,14,1,350.58
2449,987,64,1,376.68
2450,987,27,3,117.81
2451,988,54,3,257.22
2452,988,70,1,256.3
2453,988,61,2,431.09
2454,989,38,1,192.83
2455,990,67,3,6.61
2456,990,43,2,137.53
2457,991,63,3,342.45
2458,991,86,3,86.74
2459,991,68,3,438.55
2460,992,40,1,343.88
2461,992,34,1,468.64
2462,993,99,1,34.14
2463,993,19,2,303.84
2464,993,37,2,126.18
2465,994,92,3,326.69
2466,994,37,1,126.18
2467,995,21,1,66.79
2468,995,15,1,142.55
2469,996,34,2,468.64
2470,996,24,1,443.3
2471,996,72,3,421.63
2472,996,5,3,48.03
2473,997,48,2,232.13
2474,997,70,1,256.3
2475,998,52,2,449.42
2476,999,41,1,118.38
2477,999,1,3,60.11
2478,999,70,3,256.3
2479,999,43,3,137.53
2480,1000,97,3,296.28
2481,1000,86,1,86.74
2482,1000,73,3,306.44
2483,1001,89,1,378.86
2484,1001,94,2,64.9
2485,1001,6,1,20.73
2486,1002,4,2,339.97
2487,1002,80,1,123.53
2488,1002,58,2,300.22
2489,1003,75,3,271.99
2490,1003,29,2,433.91
2491,1004,87,3,436.85
2492,1004,12,3,142.7
2493,1004,51,1,374.77
2494,1004,63,2,342.45
2495,1005,86,2,86.74
2496,1006,48,2,232.13
2497,1006,48,1,232.13
2498,1006,37,2,126.18
2499,1006,45,2,438.8
2500,1007,28,3,492.68
2501,1008,57,2,397.08
2502,1008,21,3,66.79
2503,1008,55,3,379.11
2504,1008,54,1,257.22
2505,1009,19,1,303.84
2506,1010,9,3,103.42
2507,1010,97,2,296.28
2508,1010,12,1,142.7
2509,1011,54,1,257.22
2510,1011,72,2,421.63
2511,1011,91,3,202.5
2512,1012,24,2,443.3
2513,1012,38,3,192.83
2514,1013,75,2,271.99
2515,1013,64,3,376.68
2516,1013,95,2,36.69
2517,1014,20,2,366.22
2518,1015,16,3,478.82
2519,1015,86,2,86.74
2520,1015,54,1,257.22
2521,1015,63,3,342.45
2522,1016,98,2,40.14
2523,1017,77,3,165.46
2524,1018,34,3,468.64
2525,1018,88,2,482.36
2526,1018,89,1,378.86
2527,1018,48,3,232.13
2528,1019,21,3,66.79
2529,1019,8,1,303.0
2530,1019,41,2,118.38
2531,1020,21,1,66.79
2532,1020,35,2,40.34
2533,1020,54,3,257.22
2534,1021,38,2,192.83
2535,1022,66,1,220.21
2536,1023,77,1,165.46
2537,1024,88,2,482.36
2538,1024,35,3,40.34
2539,1024,90,3,104.57
2540,1025,19,1,303.84
2541,1025,18,3,52.87
2542,1025,37,2,126.18
2543,1026,21,1,66.79
2544,1026,28,1,492.68
2545,1026,65,1,173.39
2546,1027,54,2,257.22
2547,1028,3,2,74.07
2548,1028,45,2,438.8
2549,1029,77,3,165.46
2550,1029,98,2,40.14
2551,1029,23,3,415.56
2552,1029,39,1,345.64
2553,1030,17,3,55.59
2554,1030,19,3,303.84
2555,1031,17,1,55.59
2556,1031,55,3,379.11
2557,1032,3,2,74.07
2558,1033,14,1,350.58
2559,1033,85,3,331.58
2560,1034,33,1,336.74
2561,1035,97,1,296.28
2562,1036,76,1,459.65
2563,1036,24,3,443.3
2564,1037,96,2,296.21
2565,1037,75,2,271.99
2566,1038,65,3,173.39
2567,1038,9,1,103.42
2568,1039,68,1,438.55
2569,1040,22,3,44.01
2570,1040,1,3,60.11
2571,1040,13,1,380.61
2572,1041,47,3,200.84
2573,1041,76,1,459.65
2574,1041,57,3,397.08
2575,1041,14,1,350.58
2576,1042,55,1,379.11
2577,1042,66,1,220.21
2578,1042,53,1,184.19
2579,1042,98,2,40.14
2580,1043,64,2,376.68
2581,1043,91,2,202.5
2582,1044,42,2,403.5
2583,1045,77,3,165.46
2584,1045,40,3,343.88
2585,1045,57,1,397.08
2586,1045,71,2,435.91
2587,1046,25,1,290.79
2588,1046,61,3,431.09
2589,1046,48,1,232.13
2590,1046,2,3,141.14
2591,1047,57,3,397.08
2592,1047,85,3,331.58
2593,1047,11,1,114.12
2594,1047,19,2,303.84
2595,1048,95,1,36.69
2596,1049,44,1,457.0
2597,1049,77,2,165.46
2598,1050,93,2,450.31
2599,1050,36,3,89.71
2600,1050,99,3,34.14
2601,1050,76,2,459.65
2602,1051,46,2,110.25
2603,1051,86,3,86.74
2604,1051,52,2,449.42
2605,1051,66,2,220.21
2606,1052,16,2,478.82
2607,1053,4,1,339.97
2608,1053,95,1,36.69
2609,1054,23,2,415.56
2610,1055,39,3,345.64
2611,1055,80,1,123.53
2612,1056,60,1,266.91
2613,1056,38,3,192.83
2614,1056,64,2,376.68
2615,1056,65,2,173.39
2616,1057,98,1,40.14
2617,1058,50,2,282.88
2618,1059,59,1,193.9
2619,1059,5,1,48.03
2620,1059,72,3,421.63
2621,1059,100,2,453.18
2622,1060,56,1,80.66
2623,1060,40,3,343.88
2624,1060,50,2,282.88
2625,1060,98,1,40.14
2626,1061,61,3,431.09
2627,1061,21,3,66.79
2628,1061,8,2,303.0
2629,1061,34,2,468.64
2630,1062,99,2,34.14
2631,1062,42,1,403.5
2632,1062,4,3,339.97
2633,1063,45,3,438.8
2634,1063,75,1,271.99
2635,1063,98,3,40.14
2636,1064,45,2,438.8
2637,1064,53,2,184.19
2638,1064,8,3,303.0
2639,1064,32,1,188.24
2640,1065,89,1,378.86
2641,1066,22,1,44.01
2642,1066,69,2,486.08
2643,1066,5,2,48.03
2644,1067,35,1,40.34
2645,1067,90,2,104.57
2646,1067,76,1,459.65
2647,1067,41,2,118.38
2648,1068,63,1,342.45
2649,1069,64,3,376.68
2650,1069,98,3,40.14
2651,1069,44,1,457.0
2652,1070,26,2,39.43
2653,1070,82,1,47.4
2654,1070,69,1,486.08
2655,1070,37,2,126.18
2656,1071,29,3,433.91
2657,1071,96,1,296.21
2658,1071,92,3,326.69
2659,1071,13,3,380.61
2660,1072,55,1,379.11
2661,1072,45,1,438.8
2662,1072,84,2,384.09
2663,1072,65,2,173.39
2664,1073,26,2,39.43
2665,1073,52,2,449.42
2666,1073,80,3,123.53
2667,1074,3,3,74.07
2668,1074,91,3,202.5
2669,1075,28,3,492.68
2670,1075,96,2,296.21
2671,1075,35,3,40.34
2672,1075,69,3,486.08
2673,1076,73,3,306.44
2674,1076,81,1,439.61
2675,1076,67,1,6.61
2676,1076,47,2,200.84
2677,1077,56,2,80.66
2678,1077,41,1,118.38
2679,1077,82,1,47.4
2680,1078,83,1,408.93
2681,1078,33,3,336.74
2682,1078,77,1,165.46
2683,1079,25,1,290.79
2684,1079,32,2,188.24
2685,1080,55,3,379.11
2686,1080,5,1,48.03
2687,1080,21,2,66.79
2688,1080,18,1,52.87
2689,1081,85,3,331.58
2690,1081,23,3,415.56
2691,1081,6,3,20.73
2692,1082,11,2,114.12
2693,1083,53,2,184.19
2694,1084,51,3,374.77
2695,1085,74,3,190.09
2696,1086,64,1,376.68
2697,1086,31,3,417.88
2698,1086,16,2,478.82
2699,1087,96,3,296.21
2700,1087,31,2,417.88
2701,1087,28,1,492.68
2702,1087,14,1,350.58
2703,1088,53,2,184.19
2704,1088,76,1,459.65
2705,1088,63,3,342.45
2706,1088,48,3,232.13
2707,1089,61,3,431.09
2708,1089,32,2,188.24
2709,1089,19,2,303.84
2710,1089,61,3,431.09
2711,1090,83,3,408.93
2712,1091,89,3,378.86
2713,1092,40,3,343.88
2714,1092,90,2,104.57
2715,1092,88,1,482.36
2716,1092,69,1,486.08
2717,1093,51,2,374.77
2718,1094,39,1,345.64
2719,1094,21,2,66.79
2720,1095,5,2,48.03
2721,1095,11,2,114.12
2722,1095,61,3,431.09
2723,1095,53,2,184.19
2724,1096,21,3,66.79
2725,1097,54,3,257.22
2726,1097,94,3,64.9
2727,1097,95,2,36.69
2728,1098,83,3,408.93
2729,1099,1,2,60.11
2730,1099,26,3,39.43
2731,1100,15,1,142.55
2732,1101,77,3,165.46
2733,1101,53,2,184.19
2734,1102,34,1,468.64
2735,1102,88,3,482.36
2736,1103,26,1,39.43
2737,1103,54,2,257.22
2738,1103,24,2,443.3
2739,1104,3,1,74.07
2740,1104,72,3,421.63
2741,1105,60,1,266.91
2742,1106,7,2,113.23
2743,1106,80,2,123.53
2744,1107,48,1,232.13
2745,1108,92,3,326.69
2746,1109,87,2,436.85
2747,1109,16,1,478.82
2748,1109,92,1,326.69
2749,1109,25,2,290.79
2750,1110,17,2,55.59
2751,1110,27,3,117.81
2752,1110,28,2,492.68
2753,1110,94,3,64.9
2754,1111,19,1,303.84
2755,1111,38,2,192.83
2756,1111,31,3,417.88
2757,1111,58,1,300.22
2758,1112,11,1,114.12
2759,1112,61,1,431.09
2760,1112,42,3,403.5
2761,1112,51,3,374.77
2762,1113,95,3,36.69
2763,1113,33,1,336.74
2764,1113,13,3,380.61
2765,1113,8,1,303.0
2766,1114,46,3,110.25
2767,1114,86,3,86.74
2768,1114,91,3,202.5
2769,1114,6,1,20.73
2770,1115,39,2,345.64
2771,1115,86,2,86.74
2772,1115,17,3,55.59
2773,1115,6,3,20.73
2774,1116,44,2,457.0
2775,1116,17,1,55.59
2776,1116,41,3,118.38
2777,1116,68,2,438.55
2778,1117,6,1,20.73
2779,1117,64,2,376.68
2780,1117,96,2,296.21
2781,1118,79,2,439.97
2782,1118,67,2,6.61
2783,1118,56,1,80.66
2784,1119,98,1,40.14
2785,1119,72,3,421.63
2786,1119,82,2,47.4
2787,1119,7,1,113.23
2788,1120,5,2,48.03
2789,1120,34,1,468.64
2790,1121,64,1,376.68
2791,1122,59,2,193.9
2792,1122,15,3,142.55
2793,1122,19,1,303.84
2794,1122,45,1,438.8
2795,1123,22,3,44.01
2796,1123,66,2,220.21
2797,1124,75,1,271.99
2798,1124,68,3,438.55
2799,1125,32,2,188.24
2800,1126,4,2,339.97
2801,1126,88,3,482.36
2802,1126,16,2,478.82
2803,1127,42,1,403.5
2804,1128,59,3,193.9
2805,1128,35,3,40.34
2806,1128,85,1,331.58
2807,1128,43,1,137.53
2808,1129,42,3,403.5
2809,1129,94,3,64.9
2810,1129,17,1,55.59
2811,1129,7,3,113.23
2812,1130,96,1,296.21
2813,1131,12,2,142.7
2814,1131,33,1,336.74
2815,1131,31,2,417.88
2816,1131,12,1,142.7
2817,1132,100,2,453.18
2818,1132,37,3,126.18
2819,1132,97,3,296.28
2820,1132,20,1,366.22
2821,1133,95,2,36.69
2822,1133,88,3,482.36
2823,1133,17,2,55.59
2824,1133,86,1,86.74
2825,1134,63,2,342.45
2826,1134,50,2,282.88
2827,1135,12,2,142.7
2828,1135,48,3,232.13
2829,1135,24,2,443.3
2830,1135,81,2,439.61
2831,1136,60,3,266.91
2832,1136,29,3,433.91
2833,1136,88,3,482.36
2834,1137,38,2,192.83
2835,1138,39,1,345.64
2836,1138,17,3,55.59
2837,1138,39,1,345.64
2838,1138,67,2,6.61
2839,1139,6,3,20.73
2840,1140,13,2,380.61
2841,1140,85,3,331.58
2842,1140,73,2,306.44
2843,1140,46,2,110.25
2844,1141,15,3,142.55
2845,1142,51,1,374.77
2846,1142,11,2,114.12
2847,1143,76,3,459.65
2848,1143,59,3,193.9
2849,1143,58,3,300.22
2850,1144,28,1,492.68
2851,1144,11,3,114.12
2852,1145,56,3,80.66
2853,1146,2,1,141.14
2854,1147,85,3,331.58
2855,1147,78,3,60.37
2856,1147,63,2,342.45
2857,1147,80,3,123.53
2858,1148,39,1,345.64
2859,1148,17,1,55.59
2860,1148,2,1,141.14
2861,1148,15,1,142.55
2862,1149,27,2,117.81
2863,1150,56,3,80.66
2864,1150,69,1,486.08
2865,1151,19,2,303.84
2866,1151,55,1,379.11
2867,1151,15,1,142.55
2868,1151,20,3,366.22
2869,1152,61,1,431.09
2870,1152,58,3,300.22
2871,1152,32,1,188.24
2872,1152,38,3,192.83
2873,1153,43,1,137.53
2874,1154,54,2,257.22
2875,1154,95,3,36.69
2876,1154,77,3,165.46
2877,1154,71,2,435.91
2878,1155,66,3,220.21
2879,1155,93,3,450.31
2880,1155,87,2,436.85
2881,1155,30,3,142.6
2882,1156,74,2,190.09
2883,1156,71,1,435.91
2884,1156,35,3,40.34
2885,1156,54,2,257.22
2886,1157,58,3,300.22
2887,1157,56,1,80.66
2888,1157,21,2,66.79
2889,1158,57,1,397.08
2890,1158,65,1,173.39
2891,1158,76,3,459.65
2892,1159,17,2,55.59
2893,1159,93,3,450.31
2894,1159,50,2,282.88
2895,1159,87,3,436.85
2896,1160,21,3,66.79
2897,1160,27,2,117.81
2898,1160,89,3,378.86
2899,1160,12,3,142.7
2900,1161,21,3,66.79
2901,1161,63,1,342.45
2902,1162,39,1,345.64
2903,1162,27,3,117.81
2904,1162,7,1,113.23
2905,1162,46,2,110.25
2906,1163,65,1,173.39
2907,1163,9,2,103.42
2908,1164,16,3,478.82
2909,1164,29,2,433.91
2910,1165,99,1,34.14
2911,1165,99,3,34.14
2912,1165,35,1,40.34
2913,1166,91,1,202.5
2914,1167,97,1,296.28
2915,1167,14,3,350.58
2916,1167,79,1,439.97
2917,1167,72,1,421.63
2918,1168,27,2,117.81
2919,1169,98,3,40.14
2920,1169,64,3,376.68
2921,1169,13,1,380.61
2922,1169,83,2,408.93
2923,1170,26,2,39.43
2924,1171,32,2,188.24
2925,1172,11,2,114.12
2926,1172,48,3,232.13
2927,1173,20,3,366.22
2928,1173,54,1,257.22
2929,1174,53,2,184.19
2930,1174,67,3,6.61
2931,1174,47,1,200.84
2932,1174,57,1,397.08
2933,1175,11,2,114.12
2934,1176,56,1,80.66
2935,1176,51,1,374.77
2936,1177,74,1,190.09
2937,1177,81,3,439.61
2938,1178,54,2,257.22
2939,1178,88,3,482.36
2940,1178,71,2,435.91
2941,1179,2,2,141.14
2942,1179,68,3,438.55
2943,1179,19,3,303.84
2944,1180,70,3,256.3
2945,1180,80,3,123.53
2946,1181,100,1,453.18
2947,1181,39,1,345.64
2948,1181,5,3,48.03
2949,1181,43,2,137.53
2950,1182,67,3,6.61
2951,1182,37,1,126.18
2952,1183,67,2,6.61
2953,1183,97,3,296.28
2954,1183,21,1,66.79
2955,1184,31,2,417.88
2956,1184,93,2,450.31
2957,1184,65,1,173.39
2958,1185,34,3,468.64
2959,1185,65,2,173.39
2960,1185,16,1,478.82
2961,1186,58,2,300.22
2962,1187,44,1,457.0
2963,1187,96,3,296.21
2964,1187,73,3,306.44
2965,1187,81,3,439.61
2966,1188,45,2,438.8
2967,1188,37,3,126.18
2968,1189,92,2,326.69
2969,1189,67,3,6.61
2970,1190,100,2,453.18
2971,1190,59,1,193.9
2972,1191,11,1,114.12
2973,1191,8,2,303.0
2974,1191,17,2,55.59
2975,1191,28,2,492.68
2976,1192,76,3,459.65
2977,1192,67,2,6.61
2978,1192,34,3,468.64
2979,1192,64,3,376.68
2980,1193,94,2,64.9
2981,1193,21,1,66.79
2982,1193,65,1,173.39
2983,1193,63,3,342.45
2984,1194,89,1,378.86
2985,1195,72,2,421.63
2986,1195,16,3,478.82
2987,1196,48,3,232.13
2988,1197,16,2,478.82
2989,1197,40,2,343.88
2990,1198,19,1,303.84
2991,1199,40,2,343.88
2992,1200,1,1,60.11
2993,1200,71,2,435.91
2994,1200,9,1,103.42
2995,1200,54,2,257.22
2996,1201,44,2,457.0
2997,1201,61,3,431.09
2998,1201,78,1,60.37
2999,1201,98,1,40.14
3000,1202,86,2,86.74
3001,1202,20,3,366.22
3002,1202,42,1,403.5
3003,1202,80,3,123.53
3004,1203,51,2,374.77
3005,1203,70,1,256.3
3006,1204,95,2,36.69
3007,1204,83,1,408.93
3008,1204,22,3,44.01
3009,1204,4,3,339.97
3010,1205,72,3,421.63
3011,1205,16,3,478.82
3012,1205,72,1,421.63
3013,1206,73,3,306.44
3014,1207,16,3,478.82
3015,1208,36,1,89.71
3016,1209,11,3,114.12
3017,1209,78,2,60.37
3018,1209,52,3,449.42
3019,1209,6,2,20.73
3020,1210,56,1,80.66
3021,1210,54,1,257.22
3022,1210,68,2,438.55
3023,1211,13,3,380.61
3024,1212,33,1,336.74
3025,1212,20,2,366.22
3026,1213,8,3,303.0
3027,1213,42,1,403.5
3028,1214,50,1,282.88
3029,1214,41,1,118.38
3030,1214,53,2,184.19
3031,1215,7,1,113.23
3032,1216,64,3,376.68
3033,1216,97,3,296.28
3034,1217,8,2,303.0
3035,1217,60,3,266.91
3036,1217,53,1,184.19
3037,1218,3,2,74.07
3038,1218,71,3,435.91
3039,1219,39,3,345.64
3040,1219,53,2,184.19
3041,1220,19,2,303.84
3042,1220,70,1,256.3
3043,1221,72,2,421.63
3044,1221,6,1,20.73
3045,1221,60,3,266.91
3046,1221,38,3,192.83
3047,1222,62,2,341.74
3048,1223,45,3,438.8
3049,1223,28,3,492.68
3050,1223,66,2,220.21
3051,1223,6,1,20.73
3052,1224,39,1,345.64
3053,1225,93,3,450.31
3054,1225,36,2,89.71
3055,1226,88,2,482.36
3056,1226,82,2,47.4
3057,1226,97,3,296.28
3058,1227,44,1,457.0
3059,1227,59,3,193.9
3060,1227,43,1,137.53
3061,1228,78,2,60.37
3062,1229,53,3,184.19
3063,1229,90,3,104.57
3064,1230,84,3,384.09
3065,1231,87,1,436.85
3066,1231,46,2,110.25
3067,1231,77,2,165.46
3068,1231,50,1,282.88
3069,1232,16,2,478.82
3070,1233,2,1,141.14
3071,1233,96,1,296.21
3072,1233,98,2,40.14
3073,1233,88,3,482.36
3074,1234,92,1,326.69
3075,1234,30,2,142.6
3076,1234,47,1,200.84
3077,1235,1,1,60.11
3078,1235,82,2,47.4
3079,1236,22,3,44.01
3080,1236,25,3,290.79
3081,1236,95,3,36.69
3082,1236,87,3,436.85
3083,1237,76,1,459.65
3084,1238,73,1,306.44
3085,1238,67,3,6.61
3086,1238,36,1,89.71
3087,1239,88,3,482.36
3088,1239,59,1,193.9
3089,1239,55,3,379.11
3090,1240,42,2,403.5
3091,1241,16,3,478.82
3092,1241,67,2,6.61
3093,1241,64,2,376.68
3094,1242,7,2,113.23
3095,1242,54,3,257.22
3096,1243,25,2,290.79
3097,1243,11,3,114.12
3098,1243,4,3,339.97
3099,1243,29,3,433.91
3100,1244,26,1,39.43
3101,1244,43,2,137.53
3102,1245,4,2,339.97
3103,1246,33,1,336.74
3104,1246,14,2,350.58
3105,1246,31,2,417.88
3106,1247,67,1,6.61
3107,1247,10,3,352.16
3108,1247,80,2,123.53
3109,1248,75,1,271.99
3110,1248,11,1,114.12
3111,1248,5,2,48.03
3112,1248,41,3,118.38
3113,1249,57,1,397.08
3114,1250,9,1,103.42
3115,1250,87,1,436.85
3116,1250,72,1,421.63
3117,1250,38,2,192.83
3118,1251,30,3,142.6
3119,1251,85,3,331.58
3120,1251,2,2,141.14
3121,1251,50,2,282.88
3122,1252,44,3,457.0
3123,1253,59,3,193.9
3124,1254,14,1,350.58
3125,1255,74,1,190.09
3126,1255,82,3,47.4
3127,1256,93,3,450.31
3128,1256,57,1,397.08
3129,1256,32,1,188.24
3130,1256,6,1,20.73
3131,1257,66,3,220.21
3132,1257,97,2,296.28
3133,1257,40,3,343.88
3134,1257,70,1,256.3
3135,1258,38,2,192.83
3136,1258,2,3,141.14
3137,1258,76,3,459.65
3138,1259,65,3,173.39
3139,1259,7,2,113.23
3140,1260,82,1,47.4
3141,1260,9,2,103.42
3142,1261,77,3,165.46
3143,1261,43,3,137.53
3144,1261,73,2,306.44
3145,1261,79,2,439.97
3146,1262,59,1,193.9
3147,1263,82,1,47.4
3148,1264,31,2,417.88
3149,1264,95,2,36.69
3150,1265,52,1,449.42
3151,1265,1,2,60.11
3152,1266,72,1,421.63
3153,1267,81,3,439.61
3154,1267,98,2,40.14
3155,1268,26,2,39.43
3156,1268,23,1,415.56
3157,1269,44,3,457.0
3158,1269,32,1,188.24
3159,1270,13,1,380.61
3160,1270,87,1,436.85
3161,1270,49,3,74.12
3162,1271,27,2,117.81
3163,1271,59,1,193.9
3164,1271,48,2,232.13
3165,1272,92,1,326.69
3166,1272,16,1,478.82
3167,1272,17,1,55.59
3168,1272,25,3,290.79
3169,1273,77,2,165.46
3170,1273,82,1,47.4
3171,1273,6,3,20.73
3172,1274,20,2,366.22
3173,1274,32,1,188.24
3174,1274,81,2,439.61
3175,1275,27,3,117.81
3176,1275,11,2,114.12
3177,1275,85,3,331.58
3178,1275,9,1,103.42
3179,1276,64,3,376.68
3180,1276,60,1,266.91
3181,1276,42,3,403.5
3182,1277,92,2,326.69
3183,1277,61,2,431.09
3184,1277,75,2,271.99
3185,1277,82,3,47.4
3186,1278,26,2,39.43
3187,1278,31,2,417.88
3188,1279,74,1,190.09
3189,1279,48,2,232.13
3190,1279,71,1,435.91
3191,1279,18,1,52.87
3192,1280,30,3,142.6
3193,1280,6,2,20.73
3194,1280,66,3,220.21
3195,1281,56,2,80.66
3196,1281,48,2,232.13
3197,1281,41,2,118.38
3198,1281,49,1,74.12
3199,1282,83,1,408.93
3200,1282,46,1,110.25
3201,1282,38,3,192.83
3202,1283,36,1,89.71
3203,1284,5,3,48.03
3204,1284,26,2,39.43
3205,1284,26,3,39.43
3206,1285,25,3,290.79
3207,1285,78,1,60.37
3208,1285,97,3,296.28
3209,1286,2,2,141.14
3210,1286,37,2,126.18
3211,1286,52,2,449.42
3212,1287,61,3,431.09
3213,1288,51,1,374.77
3214,1288,30,3,142.6
3215,1289,67,3,6.61
3216,1289,71,2,435.91
3217,1290,11,2,114.12
3218,1290,25,2,290.79
3219,1290,99,3,34.14
3220,1291,72,1,421.63
3221,1291,48,1,232.13
3222,1291,74,1,190.09
3223,1291,40,3,343.88
3224,1292,44,1,457.0
3225,1292,54,2,257.22
3226,1292,88,2,482.36
3227,1293,42,3,403.5
3228,1293,3,3,74.07
3229,1293,5,1,48.03
3230,1294,73,3,306.44
3231,1294,78,3,60.37
3232,1294,74,2,190.09
3233,1295,9,3,103.42
3234,1295,50,1,282.88
3235,1295,61,1,431.09
3236,1295,43,3,137.53
3237,1296,12,1,142.7
3238,1296,14,3,350.58
3239,1296,71,1,435.91
3240,1297,4,1,339.97
3241,1297,26,1,39.43
3242,1297,50,2,282.88
3243,1297,27,1,117.81
3244,1298,59,1,193.9
3245,1299,42,2,403.5
3246,1299,51,1,374.77
3247,1300,62,3,341.74
3248,1300,9,2,103.42
3249,1300,27,1,117.81
3250,1300,27,2,117.81
3251,1301,21,3,66.79
3252,1301,74,2,190.09
3253,1301,76,1,459.65
3254,1301,65,3,173.39
3255,1302,1,1,60.11
3256,1302,58,1,300.22
3257,1303,68,2,438.55
3258,1303,73,2,306.44
3259,1304,95,1,36.69
3260,1305,45,3,438.8
3261,1305,92,2,326.69
3262,1305,51,3,374.77
3263,1305,23,2,415.56
3264,1306,59,2,193.9
3265,1306,85,1,331.58
3266,1306,90,3,104.57
3267,1306,13,2,380.61
3268,1307,21,2,66.79
3269,1307,81,3,439.61
3270,1308,90,3,104.57
3271,1309,53,3,184.19
3272,1309,16,2,478.82
3273,1309,10,1,352.16
3274,1309,65,2,173.39
3275,1310,27,3,117.81
3276,1310,6,2,20.73
3277,1310,4,1,339.97
3278,1311,49,2,74.12
3279,1311,96,2,296.21
3280,1311,25,2,290.79
3281,1311,5,1,48.03
3282,1312,42,3,403.5
3283,1312,96,2,296.21
3284,1313,71,3,435.91
3285,1314,18,2,52.87
3286,1314,36,1,89.71
3287,1314,22,1,44.01
3288,1314,78,1,60.37
3289,1315,22,1,44.01
3290,1315,86,1,86.74
3291,1315,87,2,436.85
3292,1315,20,2,366.22
3293,1316,87,3,436.85
3294,1317,82,3,47.4
3295,1318,50,3,282.88
3296,1319,7,2,113.23
3297,1320,48,1,232.13
3298,1320,26,1,39.43
3299,1321,44,1,457.0
3300,1322,13,3,380.61
3301,1322,22,3,44.01
3302,1323,42,2,403.5
3303,1324,70,2,256.3
3304,1324,55,1,379.11
3305,1325,42,1,403.5
3306,1325,2,2,141.14
3307,1325,84,2,384.09
3308,1326,29,1,433.91
3309,1326,85,2,331.58
3310,1326,84,3,384.09
3311,1326,48,1,232.13
3312,1327,39,3,345.64
3313,1327,64,1,376.68
3314,1327,92,3,326.69
3315,1327,73,1,306.44
3316,1328,81,3,439.61
3317,1328,50,3,282.88
3318,1328,99,3,34.14
3319,1329,86,2,86.74
3320,1329,9,2,103.42
3321,1329,3,3,74.07
3322,1330,66,3,220.21
3323,1330,95,1,36.69
3324,1330,65,3,173.39
3325,1330,91,1,202.5
3326,1331,40,1,343.88
3327,1332,80,1,123.53
3328,1332,8,1,303.0
3329,1333,20,2,366.22
3330,1333,27,3,117.81
3331,1334,95,2,36.69
3332,1334,18,2,52.87
3333,1334,41,3,118.38
3334,1334,98,1,40.14
3335,1335,83,2,408.93
3336,1335,97,1,296.28
3337,1335,30,3,142.6
3338,1335,43,2,137.53
3339,1336,86,1,86.74
3340,1337,78,2,60.37
3341,1337,67,2,6.61
3342,1338,9,2,103.42
3343,1339,82,1,47.4
3344,1340,23,3,415.56
3345,1341,31,3,417.88
3346,1341,11,2,114.12
3347,1342,93,1,450.31
3348,1342,32,2,188.24
3349,1343,37,3,126.18
3350,1343,58,3,300.22
3351,1343,26,2,39.43
3352,1344,47,2,200.84
3353,1345,55,3,379.11
3354,1345,79,3,439.97
3355,1345,56,1,80.66
3356,1345,62,1,341.74
3357,1346,98,2,40.14
3358,1347,33,2,336.74
3359,1347,60,2,266.91
3360,1348,10,2,352.16
3361,1348,18,3,52.87
3362,1348,61,1,431.09
3363,1348,20,1,366.22
3364,1349,63,2,342.45
3365,1349,54,2,257.22
3366,1349,96,2,296.21
3367,1350,53,1,184.19
3368,1351,25,2,290.79
3369,1351,33,3,336.74
3370,1352,82,3,47.4
3371,1352,48,3,232.13
3372,1352,8,3,303.0
3373,1352,50,2,282.88
3374,1353,5,2,48.03
3375,1353,81,3,439.61
3376,1353,87,1,436.85
3377,1353,90,3,104.57
3378,1354,88,1,482.36
3379,1354,33,1,336.74
3380,1354,78,3,60.37
3381,1354,85,1,331.58
3382,1355,83,3,408.93
3383,1356,67,1,6.61
3384,1357,33,3,336.74
3385,1357,39,3,345.64
3386,1357,69,3,486.08
3387,1357,49,3,74.12
3388,1358,14,3,350.58
3389,1359,19,2,303.84
3390,1359,96,1,296.21
3391,1359,96,2,296.21
3392,1360,63,1,342.45
3393,1360,13,1,380.61
3394,1361,84,2,384.09
3395,1361,94,2,64.9
3396,1361,22,1,44.01
3397,1361,48,1,232.13
3398,1362,24,3,443.3
3399,1362,15,2,142.55
3400,1362,73,1,306.44
3401,1362,24,1,443.3
3402,1363,34,2,468.64
3403,1363,57,3,397.08
3404,1364,11,2,114.12
3405,1364,11,2,114.12
3406,1365,4,3,339.97
3407,1365,31,2,417.88
3408,1365,63,3,342.45
3409,1366,35,1,40.34
3410,1367,13,1,380.61
3411,1368,78,3,60.37
3412,1368,98,2,40.14
3413,1368,63,2,342.45
3414,1368,97,2,296.28
3415,1369,88,2,482.36
3416,1369,41,1,118.38
3417,1369,47,3,200.84
3418,1370,46,2,110.25
3419,1371,90,2,104.57
3420,1371,93,1,450.31
3421,1371,4,3,339.97
3422,1371,16,3,478.82
3423,1372,48,2,232.13
3424,1372,80,3,123.53
3425,1373,85,1,331.58
3426,1373,1,3,60.11
3427,1373,42,1,403.5
3428,1373,82,2,47.4
3429,1374,87,2,436.85
3430,1374,30,3,142.6
3431,1374,63,2,342.45
3432,1375,45,2,438.8
3433,1376,85,3,331.58
3434,1376,13,3,380.61
3435,1376,50,2,282.88
3436,1376,78,1,60.37
3437,1377,17,2,55.59
3438,1378,22,2,44.01
3439,1378,15,2,142.55
3440,1378,85,3,331.58
3441,1378,31,1,417.88
3442,1379,14,2,350.58
3443,1380,50,2,282.88
3444,1380,29,3,433.91
3445,1380,33,3,336.74
3446,1381,86,1,86.74
3447,1382,12,3,142.7
3448,1382,43,1,137.53
3449,1382,74,3,190.09
3450,1382,9,3,103.42
3451,1383,84,3,384.09
3452,1383,72,2,421.63
3453,1383,30,1,142.6
3454,1383,34,1,468.64
3455,1384,44,3,457.0
3456,1385,74,2,190.09
3457,1386,74,3,190.09
3458,1386,1,2,60.11
3459,1386,8,3,303.0
3460,1386,69,1,486.08
3461,1387,41,2,118.38
3462,1387,87,1,436.85
3463,1387,67,3,6.61
3464,1387,78,3,60.37
3465,1388,69,2,486.08
3466,1389,29,2,433.91
3467,1389,88,2,482.36
3468,1389,19,3,303.84
3469,1390,77,2,165.46
3470,1391,36,3,89.71
3471,1392,64,2,376.68
3472,1392,91,2,202.5
3473,1393,20,3,366.22
3474,1393,27,3,117.81
3475,1393,29,3,433.91
3476,1394,63,3,342.45
3477,1394,51,2,374.77
3478,1395,3,3,74.07
3479,1395,51,2,374.77
3480,1396,97,2,296.28
3481,1396,51,1,374.77
3482,1396,68,3,438.55
3483,1397,90,3,104.57
3484,1397,51,1,374.77
3485,1398,91,2,202.5
3486,1399,57,3,397.08
3487,1399,62,2,341.74
3488,1400,96,1,296.21
3489,1400,95,3,36.69
3490,1401,87,1,436.85
3491,1402,87,1,436.85
3492,1402,8,1,303.0
3493,1402,46,2,110.25
3494,1402,23,1,415.56
3495,1403,76,2,459.65
3496,1403,20,3,366.22
3497,1403,93,2,450.31
3498,1404,51,2,374.77
3499,1404,39,3,345.64
3500,1405,100,3,453.18
3501,1405,86,3,86.74
3502,1405,12,2,142.7
3503,1405,84,2,384.09
3504,1406,48,1,232.13
3505,1406,16,1,478.82
3506,1406,11,1,114.12
3507,1406,63,3,342.45
3508,1407,3,3,74.07
3509,1407,74,3,190.09
3510,1408,76,1,459.65
3511,1409,39,3,345.64
3512,1409,17,1,55.59
3513,1409,42,1,403.5
3514,1409,92,3,326.69
3515,1410,51,3,374.77
3516,1411,9,3,103.42
3517,1411,75,3,271.99
3518,1411,92,3,326.69
3519,1411,16,1,478.82
3520,1412,24,3,443.3
3521,1413,41,1,118.38
3522,1413,6,1,20.73
3523,1413,74,1,190.09
3524,1413,84,1,384.09
3525,1414,11,1,114.12
3526,1415,55,3,379.11
3527,1415,1,1,60.11
3528,1416,85,3,331.58
3529,1416,57,1,397.08
3530,1416,74,2,190.09
3531,1417,78,3,60.37
3532,1417,66,1,220.21
3533,1417,89,1,378.86
3534,1418,5,1,48.03
3535,1418,19,2,303.84
3536,1419,78,3,60.37
3537,1419,28,3,492.68
3538,1420,10,3,352.16
3539,1420,33,2,336.74
3540,1420,49,3,74.12
3541,1420,21,2,66.79
3542,1421,87,2,436.85
3543,1421,89,1,378.86
3544,1421,69,1,486.08
3545,1422,82,3,47.4
3546,1422,83,1,408.93
3547,1422,92,2,326.69
3548,1423,54,1,257.22
3549,1423,41,2,118.38
3550,1424,10,2,352.16
3551,1424,16,3,478.82
3552,1425,9,2,103.42
3553,1425,82,1,47.4
3554,1425,47,2,200.84
3555,1425,100,2,453.18
3556,1426,36,1,89.71
3557,1426,13,2,380.61
3558,1427,16,1,478.82
3559,1428,76,2,459.65
3560,1428,13,3,380.61
3561,1428,45,3,438.8
3562,1429,78,1,60.37
3563,1429,7,1,113.23
3564,1429,41,2,118.38
3565,1430,62,3,341.74
3566,1430,17,2,55.59
3567,1430,2,3,141.14
3568,1430,66,3,220.21
3569,1431,49,3,74.12
3570,1431,95,2,36.69
3571,1432,91,1,202.5
3572,1432,87,3,436.85
3573,1432,54,3,257.22
3574,1433,60,3,266.91
3575,1433,37,2,126.18
3576,1433,55,3,379.11
3577,1434,40,3,343.88
3578,1434,12,2,142.7
3579,1435,82,1,47.4
3580,1436,22,3,44.01
3581,1437,71,2,435.91
3582,1437,2,2,141.14
3583,1437,87,3,436.85
3584,1438,64,3,376.68
3585,1438,88,3,482.36
3586,1438,69,3,486.08
3587,1438,16,2,478.82
3588,1439,92,2,326.69
3589,1440,32,3,188.24
3590,1440,85,3,331.58
3591,1440,88,3,482.36
3592,1441,87,3,436.85
3593,1441,29,1,433.91
3594,1442,66,2,220.21
3595,1442,7,2,113.23
3596,1443,15,2,142.55
3597,1443,87,1,436.85
3598,1443,70,1,256.3
3599,1444,34,1,468.64
3600,1444,1,3,60.11
3601,1444,81,3,439.61
3602,1445,83,3,408.93
3603,1445,5,2,48.03
3604,1445,80,2,123.53
3605,1446,43,2,137.53
3606,1446,46,1,110.25
3607,1446,1,2,60.11
3608,1446,93,1,450.31
3609,1447,56,2,80.66
3610,1448,53,1,184.19
3611,1448,63,1,342.45
3612,1449,29,2,433.91
3613,1449,51,2,374.77
3614,1449,39,2,345.64
3615,1450,14,2,350.58
3616,1450,85,2,331.58
3617,1450,21,1,66.79
3618,1451,46,3,110.25
3619,1452,6,1,20.73
3620,1452,51,2,374.77
3621,1452,96,2,296.21
3622,1453,62,3,341.74
3623,1453,35,1,40.34
3624,1454,88,3,482.36
3625,1454,17,2,55.59
3626,1454,97,2,296.28
3627,1454,65,3,173.39
3628,1455,17,1,55.59
3629,1455,14,1,350.58
3630,1455,17,1,55.59
3631,1455,45,3,438.8
3632,1456,7,3,113.23
3633,1456,44,2,457.0
3634,1457,56,2,80.66
3635,1458,98,2,40.14
3636,1459,32,2,188.24
3637,1459,99,1,34.14
3638,1460,86,2,86.74
3639,1460,26,2,39.43
3640,1461,90,3,104.57
3641,1462,76,3,459.65
3642,1462,82,1,47.4
3643,1463,5,2,48.03
3644,1463,25,1,290.79
3645,1463,55,1,379.11
3646,1463,79,1,439.97
3647,1464,53,3,184.19
3648,1464,40,3,343.88
3649,1464,82,1,47.4
3650,1464,29,2,433.91
3651,1465,83,1,408.93
3652,1465,39,1,345.64
3653,1465,35,2,40.34
3654,1465,36,2,89.71
3655,1466,7,1,113.23
3656,1466,6,1,20.73
3657,1466,7,3,113.23
3658,1467,61,2,431.09
3659,1467,78,1,60.37
3660,1467,56,1,80.66
3661,1468,43,2,137.53
3662,1468,15,1,142.55
3663,1468,86,1,86.74
3664,1469,43,2,137.53
3665,1469,95,2,36.69
3666,1470,31,3,417.88
3667,1470,36,1,89.71
3668,1470,75,2,271.99
3669,1471,81,3,439.61
3670,1471,78,1,60.37
3671,1472,25,3,290.79
3672,1472,58,1,300.22
3673,1473,39,3,345.64
3674,1473,61,1,431.09
3675,1473,69,3,486.08
3676,1474,54,3,257.22
3677,1474,92,2,326.69
3678,1475,47,2,200.84
3679,1475,81,3,439.61
3680,1475,16,2,478.82
3681,1476,22,3,44.01
3682,1477,38,1,192.83
3683,1477,73,1,306.44
3684,1478,95,2,36.69
3685,1478,64,3,376.68
3686,1479,22,2,44.01
3687,1480,52,3,449.42
3688,1480,35,1,40.34
3689,1480,24,1,443.3
3690,1480,21,3,66.79
3691,1481,66,2,220.21
3692,1482,39,1,345.64
3693,1482,38,3,192.83
3694,1482,35,3,40.34
3695,1483,69,1,486.08
3696,1484,36,1,89.71
3697,1484,35,1,40.34
3698,1485,69,1,486.08
3699,1485,1,3,60.11
3700,1486,42,1,403.5
3701,1486,91,3,202.5
3702,1486,34,3,468.64
3703,1487,42,1,403.5
3704,1487,81,1,439.61
3705,1487,46,1,110.25
3706,1488,33,1,336.74
3707,1488,69,3,486.08
3708,1489,93,3,450.31
3709,1490,81,3,439.61
3710,1490,78,3,60.37
3711,1490,27,2,117.81
3712,1491,75,3,271.99
3713,1491,97,2,296.28
3714,1492,48,1,232.13
3715,1492,62,1,341.74
3716,1492,64,1,376.68
3717,1492,59,1,193.9
3718,1493,73,2,306.44
3719,1493,94,1,64.9
3720,1494,21,1,66.79
3721,1494,51,3,374.77
3722,1494,78,1,60.37
3723,1495,32,2,188.24
3724,1495,83,2,408.93
3725,1495,13,3,380.61
3726,1495,68,1,438.55
3727,1496,78,1,60.37
3728,1497,2,3,141.14
3729,1498,99,1,34.14
3730,1498,35,1,40.34
3731,1499,2,1,141.14
3732,1500,91,1,202.5
3733,1500,26,1,39.43
3734,1500,62,3,341.74
3735,1501,40,2,343.88
3736,1501,62,1,341.74
3737,1502,81,3,439.61
3738,1502,16,1,478.82
3739,1502,6,1,20.73
3740,1503,19,1,303.84
3741,1503,29,1,433.91
3742,1503,30,2,142.6
3743,1503,50,1,282.88
3744,1504,88,2,482.36
3745,1504,88,3,482.36
3746,1505,22,1,44.01
3747,1505,29,1,433.91
3748,1505,37,2,126.18
3749,1505,10,3,352.16
3750,1506,6,3,20.73
3751,1507,77,1,165.46
3752,1507,87,2,436.85
3753,1507,20,3,366.22
3754,1508,45,1,438.8
3755,1508,35,2,40.34
3756,1508,85,2,331.58
3757,1509,1,1,60.11
3758,1510,19,2,303.84
3759,1510,58,3,300.22
3760,1510,62,1,341.74
3761,1511,19,1,303.84
3762,1511,42,1,403.5
3763,1511,24,2,443.3
3764,1512,62,3,341.74
3765,1512,53,3,184.19
3766,1512,82,2,47.4
3767,1512,18,3,52.87
3768,1513,71,2,435.91
3769,1513,69,3,486.08
3770,1513,64,3,376.68
3771,1513,69,1,486.08
3772,1514,68,3,438.55
3773,1514,100,3,453.18
3774,1514,96,1,296.21
3775,1514,90,1,104.57
3776,1515,3,2,74.07
3777,1515,72,2,421.63
3778,1516,8,2,303.0
3779,1517,38,2,192.83
3780,1517,19,3,303.84
3781,1518,32,1,188.24
3782,1518,29,1,433.91
3783,1518,96,1,296.21
3784,1518,16,3,478.82
3785,1519,90,2,104.57
3786,1520,85,3,331.58
3787,1521,4,1,339.97
3788,1521,47,1,200.84
3789,1522,73,2,306.44
3790,1523,96,1,296.21
3791,1523,96,3,296.21
3792,1523,90,2,104.57
3793,1523,61,2,431.09
3794,1524,37,1,126.18
3795,1525,78,1,60.37
3796,1526,55,3,379.11
3797,1526,59,3,193.9
3798,1526,92,2,326.69
3799,1526,74,3,190.09
3800,1527,21,2,66.79
3801,1527,12,3,142.7
3802,1527,49,1,74.12
3803,1527,96,1,296.21
3804,1528,51,1,374.77
3805,1528,96,3,296.21
3806,1529,62,2,341.74
3807,1529,84,3,384.09
3808,1529,52,2,449.42
3809,1529,22,1,44.01
3810,1530,25,2,290.79
3811,1530,14,1,350.58
3812,1530,10,2,352.16
3813,1530,78,2,60.37
3814,1531,70,1,256.3
3815,1531,9,1,103.42
3816,1532,25,3,290.79
3817,1532,26,3,39.43
3818,1532,5,1,48.03
3819,1533,73,2,306.44
3820,1534,40,1,343.88
3821,1535,65,1,173.39
3822,1535,41,2,118.38
3823,1535,93,2,450.31
3824,1535,17,3,55.59
3825,1536,95,3,36.69
3826,1536,13,3,380.61
3827,1536,100,1,453.18
3828,1536,4,3,339.97
3829,1537,38,1,192.83
3830,1538,81,1,439.61
3831,1539,88,3,482.36
3832,1539,19,3,303.84
3833,1540,58,1,300.22
3834,1540,44,2,457.0
3835,1540,47,3,200.84
3836,1541,92,3,326.69
3837,1542,20,3,366.22
3838,1543,2,1,141.14
3839,1544,64,1,376.68
3840,1545,21,1,66.79
3841,1545,36,3,89.71
3842,1545,47,2,200.84
3843,1546,34,2,468.64
3844,1546,33,2,336.74
3845,1546,84,1,384.09
3846,1546,16,3,478.82
3847,1547,52,2,449.42
3848,1547,80,3,123.53
3849,1547,17,2,55.59
3850,1548,48,1,232.13
3851,1548,88,2,482.36
3852,1548,65,2,173.39
3853,1549,80,3,123.53
3854,1550,90,3,104.57
3855,1550,2,1,141.14
3856,1551,21,3,66.79
3857,1551,52,1,449.42
3858,1551,29,2,433.91
3859,1551,60,3,266.91
3860,1552,83,3,408.93
3861,1552,60,1,266.91
3862,1552,11,1,114.12
3863,1552,94,1,64.9
3864,1553,99,2,34.14
3865,1553,26,2,39.43
3866,1553,43,1,137.53
3867,1553,41,2,118.38
3868,1554,15,2,142.55
3869,1554,59,1,193.9
3870,1554,70,1,256.3
3871,1554,61,1,431.09
3872,1555,77,2,165.46
3873,1556,56,2,80.66
3874,1556,28,1,492.68
3875,1556,28,1,492.68
3876,1557,35,2,40.34
3877,1557,82,1,47.4
3878,1557,11,1,114.12
3879,1557,9,2,103.42
3880,1558,54,3,257.22
3881,1558,28,3,492.68
3882,1558,34,1,468.64
3883,1558,7,1,113.23
3884,1559,97,2,296.28
3885,1559,22,1,44.01
3886,1559,45,2,438.8
3887,1560,90,2,104.57
3888,1560,46,3,110.25
3889,1561,72,3,421.63
3890,1562,42,3,403.5
3891,1562,94,3,64.9
3892,1563,2,1,141.14
3893,1563,59,1,193.9
3894,1563,64,2,376.68
3895,1564,34,3,468.64
3896,1564,93,1,450.31
3897,1564,58,1,300.22
3898,1564,82,2,47.4
3899,1565,5,1,48.03
3900,1566,90,3,104.57
3901,1566,100,1,453.18
3902,1566,77,2,165.46
3903,1566,28,2,492.68
3904,1567,48,2,232.13
3905,1568,65,1,173.39
3906,1568,90,2,104.57
3907,1568,84,2,384.09
3908,1569,70,2,256.3
3909,1569,67,2,6.61
3910,1569,15,1,142.55
3911,1570,71,3,435.91
3912,1570,21,3,66.79
3913,1571,82,2,47.4
3914,1571,90,3,104.57
3915,1571,13,1,380.61
3916,1571,14,1,350.58
3917,1572,14,2,350.58
3918,1572,96,3,296.21
3919,1572,70,1,256.3
3920,1572,82,2,47.4
3921,1573,86,2,86.74
3922,1574,100,2,453.18
3923,1574,71,2,435.91
3924,1575,16,2,478.82
3925,1575,60,2,266.91
3926,1575,83,3,408.93
3927,1575,95,2,36.69
3928,1576,65,2,173.39
3929,1576,35,3,40.34
3930,1577,87,1,436.85
3931,1577,1,2,60.11
3932,1577,5,1,48.03
3933,1577,4,1,339.97
3934,1578,43,1,137.53
3935,1578,74,2,190.09
3936,1578,31,3,417.88
3937,1579,7,3,113.23
3938,1579,55,1,379.11
3939,1579,82,2,47.4
3940,1579,94,1,64.9
3941,1580,56,1,80.66
3942,1580,13,3,380.61
3943,1581,81,3,439.61
3944,1582,71,1,435.91
3945,1582,42,1,403.5
3946,1582,12,1,142.7
3947,1583,4,3,339.97
3948,1583,91,3,202.5
3949,1584,4,3,339.97
3950,1584,94,1,64.9
3951,1584,59,3,193.9
3952,1584,81,2,439.61
3953,1585,39,1,345.64
3954,1585,69,1,486.08
3955,1586,99,2,34.14
3956,1586,85,1,331.58
3957,1586,36,1,89.71
3958,1586,19,3,303.84
3959,1587,15,2,142.55
3960,1588,19,2,303.84
3961,1589,10,2,352.16
3962,1590,51,1,374.77
3963,1590,63,1,342.45
3964,1591,27,3,117.81
3965,1592,82,2,47.4
3966,1592,21,1,66.79
3967,1592,39,1,345.64
3968,1593,16,2,478.82
3969,1594,21,3,66.79
3970,1595,25,3,290.79
3971,1596,28,2,492.68
3972,1596,15,1,142.55
3973,1597,11,3,114.12
3974,1597,89,1,378.86
3975,1598,12,2,142.7
3976,1598,91,3,202.5
3977,1599,56,3,80.66
3978,1599,52,1,449.42
3979,1599,33,1,336.74
3980,1599,26,3,39.43
3981,1600,51,1,374.77
3982,1600,75,3,271.99
3983,1600,40,1,343.88
3984,1601,56,2,80.66
3985,1601,55,3,379.11
3986,1601,96,2,296.21
3987,1601,41,3,118.38
3988,1602,26,3,39.43
3989,1602,46,2,110.25
3990,1602,81,1,439.61
3991,1602,58,1,300.22
3992,1603,76,2,459.65
3993,1603,38,3,192.83
3994,1603,83,3,408.93
3995,1604,24,2,443.3
3996,1605,32,1,188.24
3997,1605,28,3,492.68
3998,1605,48,2,232.13
3999,1606,2,2,141.14
4000,1607,28,2,492.68
4001,1607,73,2,306.44
4002,1607,30,3,142.6
4003,1608,68,1,438.55
4004,1608,14,3,350.58
4005,1609,74,3,190.09
4006,1610,41,2,118.38
4007,1610,26,1,39.43
4008,1610,7,2,113.23
4009,1610,64,1,376.68
4010,1611,58,1,300.22
4011,1612,31,3,417.88
4012,1612,3,2,74.07
4013,1612,3,3,74.07
4014,1612,74,1,190.09
4015,1613,52,1,449.42
4016,1613,69,3,486.08
4017,1614,9,2,103.42
4018,1615,93,2,450.31
4019,1615,36,2,89.71
4020,1615,97,2,296.28
4021,1615,52,1,449.42
4022,1616,79,1,439.97
4023,1616,51,2,374.77
4024,1616,90,2,104.57
4025,1616,64,3,376.68
4026,1617,80,1,123.53
4027,1617,4,1,339.97
4028,1617,7,1,113.23
4029,1618,89,3,378.86
4030,1618,56,1,80.66
4031,1618,22,1,44.01
4032,1619,69,1,486.08
4033,1619,89,1,378.86
4034,1619,34,1,468.64
4035,1620,10,2,352.16
4036,1620,43,3,137.53
4037,1620,79,2,439.97
4038,1621,75,2,271.99
4039,1621,16,1,478.82
4040,1622,82,2,47.4
4041,1622,86,1,86.74
4042,1622,67,3,6.61
4043,1622,31,3,417.88
4044,1623,42,3,403.5
4045,1623,62,1,341.74
4046,1623,12,2,142.7
4047,1624,46,3,110.25
4048,1625,89,1,378.86
4049,1625,10,2,352.16
4050,1626,60,2,266.91
4051,1626,25,2,290.79
4052,1627,98,2,40.14
4053,1627,91,2,202.5
4054,1627,84,1,384.09
4055,1628,29,2,433.91
4056,1628,50,2,282.88
4057,1629,100,2,453.18
4058,1629,25,1,290.79
4059,1630,74,3,190.09
4060,1630,14,1,350.58
4061,1630,60,1,266.91
4062,1631,59,1,193.9
4063,1632,46,2,110.25
4064,1632,16,3,478.82
4065,1632,11,2,114.12
4066,1632,56,1,80.66
4067,1633,66,2,220.21
4068,1633,7,2,113.23
4069,1633,35,2,40.34
4070,1633,13,1,380.61
4071,1634,25,2,290.79
4072,1634,25,2,290.79
4073,1634,23,3,415.56
4074,1634,36,3,89.71
4075,1635,14,3,350.58
4076,1635,7,3,113.23
4077,1635,32,1,188.24
4078,1635,29,1,433.91
4079,1636,31,1,417.88
4080,1636,69,1,486.08
4081,1636,36,1,89.71
4082,1637,51,2,374.77
4083,1637,13,1,380.61
4084,1637,94,3,64.9
4085,1637,35,2,40.34
4086,1638,45,3,438.8
4087,1638,37,3,126.18
4088,1639,13,1,380.61
4089,1640,95,2,36.69
4090,1640,89,1,378.86
4091,1640,22,2,44.01
4092,1640,88,1,482.36
4093,1641,19,1,303.84
4094,1641,86,2,86.74
4095,1641,55,2,379.11
4096,1641,3,1,74.07
4097,1642,22,3,44.01
4098,1643,61,3,431.09
4099,1643,1,2,60.11
4100,1643,32,2,188.24
4101,1644,73,3,306.44
4102,1645,97,1,296.28
4103,1645,100,1,453.18
4104,1646,58,2,300.22
4105,1646,95,2,36.69
4106,1646,70,2,256.3
4107,1647,59,1,193.9
4108,1647,46,2,110.25
4109,1647,91,2,202.5
4110,1648,15,2,142.55
4111,1648,88,3,482.36
4112,1648,94,3,64.9
4113,1648,3,1,74.07
4114,1649,46,2,110.25
4115,1649,4,1,339.97
4116,1650,47,1,200.84
4117,1650,96,1,296.21
4118,1650,25,2,290.79
4119,1650,82,1,47.4
4120,1651,68,1,438.55
4121,1651,34,3,468.64
4122,1651,45,2,438.8
4123,1651,51,3,374.77
4124,1652,40,1,343.88
4125,1652,6,3,20.73
4126,1652,67,3,6.61
4127,1653,56,2,80.66
4128,1654,37,1,126.18
4129,1654,2,2,141.14
4130,1654,88,1,482.36
4131,1655,80,3,123.53
4132,1655,86,1,86.74
4133,1655,39,2,345.64
4134,1656,2,2,141.14
4135,1656,6,1,20.73
4136,1656,37,3,126.18
4137,1657,1,2,60.11
4138,1657,46,3,110.25
4139,1657,1,1,60.11
4140,1658,65,3,173.39
4141,1658,99,3,34.14
4142,1658,20,1,366.22
4143,1659,56,3,80.66
4144,1659,11,2,114.12
4145,1660,32,3,188.24
4146,1660,82,2,47.4
4147,1660,55,2,379.11
4148,1661,39,3,345.64
4149,1661,40,1,343.88
4150,1661,73,2,306.44
4151,1662,88,1,482.36
4152,1662,33,1,336.74
4153,1663,40,1,343.88
4154,1663,39,3,345.64
4155,1663,81,2,439.61
4156,1664,13,1,380.61
4157,1664,68,2,438.55
4158,1664,89,2,378.86
4159,1664,65,3,173.39
4160,1665,55,2,379.11
4161,1665,54,2,257.22
4162,1665,60,1,266.91
4163,1666,12,1,142.7
4164,1666,79,2,439.97
4165,1666,32,3,188.24
4166,1666,66,2,220.21
4167,1667,7,2,113.23
4168,1667,17,2,55.59
4169,1667,86,1,86.74
4170,1668,7,1,113.23
4171,1668,8,2,303.0
4172,1668,84,1,384.09
4173,1668,43,3,137.53
4174,1669,89,2,378.86
4175,1669,8,1,303.0
4176,1669,95,3,36.69
4177,1669,87,3,436.85
4178,1670,67,1,6.61
4179,1670,72,3,421.63
4180,1671,87,3,436.85
4181,1671,20,2,366.22
4182,1672,63,3,342.45
4183,1673,1,1,60.11
4184,1674,32,1,188.24
4185,1675,51,1,374.77
4186,1675,16,2,478.82
4187,1675,52,2,449.42
4188,1675,24,1,443.3
4189,1676,79,3,439.97
4190,1676,57,3,397.08
4191,1676,79,1,439.97
4192,1677,24,1,443.3
4193,1678,22,3,44.01
4194,1678,95,3,36.69
4195,1679,38,2,192.83
4196,1679,86,1,86.74
4197,1679,76,2,459.65
4198,1679,48,3,232.13
4199,1680,60,2,266.91
4200,1681,37,2,126.18
4201,1682,75,2,271.99
4202,1683,6,2,20.73
4203,1683,18,2,52.87
4204,1683,93,2,450.31
4205,1683,36,1,89.71
4206,1684,45,3,438.8
4207,1684,68,2,438.55
4208,1685,46,3,110.25
4209,1685,93,3,450.31
4210,1686,36,3,89.71
4211,1686,39,2,345.64
4212,1687,49,2,74.12
4213,1687,78,3,60.37
4214,1687,24,3,443.3
4215,1687,91,3,202.5
4216,1688,17,3,55.59
4217,1688,42,3,403.5
4218,1688,75,2,271.99
4219,1689,9,1,103.42
4220,1689,4,3,339.97
4221,1689,21,1,66.79
4222,1689,13,3,380.61
4223,1690,42,1,403.5
4224,1690,99,3,34.14
4225,1690,31,1,417.88
4226,1690,23,3,415.56
4227,1691,9,1,103.42
4228,1691,79,2,439.97
4229,1691,15,1,142.55
4230,1691,96,1,296.21
4231,1692,23,2,415.56
4232,1693,18,3,52.87
4233,1693,74,3,190.09
4234,1693,26,1,39.43
4235,1693,33,2,336.74
4236,1694,26,3,39.43
4237,1694,21,2,66.79
4238,1695,12,3,142.7
4239,1695,4,3,339.97
4240,1696,5,1,48.03
4241,1696,1,2,60.11
4242,1697,44,1,457.0
4243,1698,25,1,290.79
4244,1698,74,2,190.09
4245,1698,65,2,173.39
4246,1698,46,3,110.25
4247,1699,9,2,103.42
4248,1699,55,3,379.11
4249,1700,17,3,55.59
4250,1701,30,1,142.6
4251,1701,77,3,165.46
4252,1701,43,1,137.53
4253,1701,29,2,433.91
4254,1702,91,2,202.5
4255,1702,9,1,103.42
4256,1702,37,1,126.18
4257,1702,69,3,486.08
4258,1703,52,3,449.42
4259,1703,8,3,303.0
4260,1703,90,1,104.57
4261,1704,84,1,384.09
4262,1704,5,2,48.03
4263,1704,54,2,257.22
4264,1705,18,1,52.87
4265,1706,97,3,296.28
4266,1706,8,1,303.0
4267,1706,64,1,376.68
4268,1707,45,1,438.8
4269,1708,71,2,435.91
4270,1709,14,1,350.58
4271,1710,56,2,80.66
4272,1710,39,1,345.64
4273,1710,3,1,74.07
4274,1711,69,3,486.08
4275,1711,49,3,74.12
4276,1712,7,2,113.23
4277,1712,99,2,34.14
4278,1712,90,1,104.57
4279,1712,56,3,80.66
4280,1713,57,1,397.08
4281,1714,46,1,110.25
4282,1714,44,2,457.0
4283,1714,8,1,303.0
4284,1715,30,2,142.6
4285,1716,2,3,141.14
4286,1717,8,1,303.0
4287,1718,41,2,118.38
4288,1719,38,1,192.83
4289,1719,78,2,60.37
4290,1720,10,2,352.16
4291,1721,91,3,202.5
4292,1721,46,1,110.25
4293,1721,57,3,397.08
4294,1721,39,2,345.64
4295,1722,68,2,438.55
4296,1722,41,3,118.38
4297,1723,45,2,438.8
4298,1724,36,1,89.71
4299,1724,27,1,117.81
4300,1724,67,1,6.61
4301,1724,40,3,343.88
4302,1725,93,1,450.31
4303,1725,5,1,48.03
4304,1725,90,2,104.57
4305,1726,3,2,74.07
4306,1727,76,2,459.65
4307,1727,39,1,345.64
4308,1727,8,2,303.0
4309,1728,3,2,74.07
4310,1728,50,2,282.88
4311,1728,6,1,20.73
4312,1728,27,2,117.81
4313,1729,85,2,331.58
4314,1730,4,3,339.97
4315,1730,97,2,296.28
4316,1730,34,3,468.64
4317,1731,93,3,450.31
4318,1731,56,2,80.66
4319,1731,94,3,64.9
4320,1732,71,2,435.91
4321,1733,69,2,486.08
4322,1733,55,3,379.11
4323,1733,93,3,450.31
4324,1734,49,2,74.12
4325,1734,96,1,296.21
4326,1735,88,2,482.36
4327,1735,11,1,114.12
4328,1735,99,3,34.14
4329,1736,5,3,48.03
4330,1736,36,2,89.71
4331,1736,35,3,40.34
4332,1736,33,3,336.74
4333,1737,16,2,478.82
4334,1738,23,2,415.56
4335,1738,60,1,266.91
4336,1738,57,1,397.08
4337,1739,62,3,341.74
4338,1739,72,1,421.63
4339,1739,53,1,184.19
4340,1740,79,3,439.97
4341,1740,41,1,118.38
4342,1740,57,1,397.08
4343,1741,34,2,468.64
4344,1741,17,1,55.59
4345,1741,81,1,439.61
4346,1742,30,1,142.6
4347,1743,75,2,271.99
4348,1743,6,3,20.73
4349,1743,92,1,326.69
4350,1743,8,3,303.0
4351,1744,87,2,436.85
4352,1745,45,1,438.8
4353,1745,10,3,352.16
4354,1746,31,1,417.88
4355,1747,10,3,352.16
4356,1747,55,2,379.11
4357,1747,19,1,303.84
4358,1747,42,3,403.5
4359,1748,84,2,384.09
4360,1748,61,2,431.09
4361,1748,80,1,123.53
4362,1748,21,2,66.79
4363,1749,76,1,459.65
4364,1749,14,3,350.58
4365,1750,28,2,492.68
4366,1750,75,1,271.99
4367,1750,85,3,331.58
4368,1751,10,1,352.16
4369,1752,69,3,486.08
4370,1752,16,3,478.82
4371,1752,7,3,113.23
4372,1752,61,3,431.09
4373,1753,35,1,40.34
4374,1753,74,2,190.09
4375,1753,32,2,188.24
4376,1754,30,2,142.6
4377,1754,41,3,118.38
4378,1754,15,3,142.55
4379,1755,47,1,200.84
4380,1755,46,3,110.25
4381,1755,65,1,173.39
4382,1755,47,3,200.84
4383,1756,54,1,257.22
4384,1756,73,1,306.44
4385,1756,69,1,486.08
4386,1756,100,2,453.18
4387,1757,78,2,60.37
4388,1757,37,2,126.18
4389,1758,54,3,257.22
4390,1758,19,3,303.84
4391,1758,64,3,376.68
4392,1758,99,1,34.14
4393,1759,2,1,141.14
4394,1759,16,2,478.82
4395,1759,34,3,468.64
4396,1759,92,2,326.69
4397,1760,56,1,80.66
4398,1761,17,3,55.59
4399,1762,55,2,379.11
4400,1762,17,2,55.59
4401,1762,90,3,104.57
4402,1762,31,3,417.88
4403,1763,76,3,459.65
4404,1763,79,1,439.97
4405,1763,93,1,450.31
4406,1764,58,2,300.22
4407,1764,81,2,439.61
4408,1764,95,2,36.69
4409,1765,94,1,64.9
4410,1765,93,3,450.31
4411,1766,20,1,366.22
4412,1767,49,2,74.12
4413,1767,57,1,397.08
4414,1767,66,3,220.21
4415,1767,76,2,459.65
4416,1768,39,2,345.64
4417,1768,44,1,457.0
4418,1769,37,2,126.18
4419,1769,50,2,282.88
4420,1769,97,1,296.28
4421,1769,19,1,303.84
4422,1770,56,3,80.66
4423,1770,36,3,89.71
4424,1771,45,2,438.8
4425,1772,63,2,342.45
4426,1772,29,1,433.91
4427,1772,37,2,126.18
4428,1773,86,2,86.74
4429,1773,19,1,303.84
4430,1774,4,3,339.97
4431,1774,6,3,20.73
4432,1775,63,1,342.45
4433,1776,94,2,64.9
4434,1776,67,1,6.61
4435,1776,59,2,193.9
4436,1776,15,3,142.55
4437,1777,57,2,397.08
4438,1778,36,3,89.71
4439,1778,86,1,86.74
4440,1779,96,1,296.21
4441,1780,65,2,173.39
4442,1780,36,2,89.71
4443,1781,91,3,202.5
4444,1782,56,1,80.66
4445,1783,25,3,290.79
4446,1783,85,3,331.58
4447,1783,5,3,48.03
4448,1784,76,2,459.65
4449,1784,29,3,433.91
4450,1785,63,1,342.45
4451,1785,94,2,64.9
4452,1786,67,3,6.61
4453,1787,9,2,103.42
4454,1787,72,3,421.63
4455,1787,27,3,117.81
4456,1787,23,1,415.56
4457,1788,81,3,439.61
4458,1788,31,3,417.88
4459,1788,45,2,438.8
4460,1788,68,3,438.55
4461,1789,30,2,142.6
4462,1789,86,2,86.74
4463,1789,63,3,342.45
4464,1790,38,1,192.83
4465,1790,29,1,433.91
4466,1790,97,2,296.28
4467,1790,54,2,257.22
4468,1791,15,1,142.55
4469,1791,60,2,266.91
4470,1791,85,1,331.58
4471,1791,45,3,438.8
4472,1792,63,3,342.45
4473,1792,53,3,184.19
4474,1792,31,1,417.88
4475,1792,38,2,192.83
4476,1793,8,3,303.0
4477,1793,99,2,34.14
4478,1793,34,3,468.64
4479,1793,41,2,118.38
4480,1794,52,2,449.42
4481,1794,7,2,113.23
4482,1794,63,3,342.45
4483,1794,29,2,433.91
4484,1795,58,2,300.22
4485,1795,29,3,433.91
4486,1795,22,3,44.01
4487,1796,79,3,439.97
4488,1797,93,1,450.31
4489,1798,46,3,110.25
4490,1798,9,3,103.42
4491,1798,7,3,113.23
4492,1799,21,3,66.79
4493,1799,51,3,374.77
4494,1800,48,2,232.13
4495,1800,53,1,184.19
4496,1801,5,1,48.03
4497,1802,65,2,173.39
4498,1803,37,2,126.18
4499,1803,4,1,339.97
4500,1804,5,2,48.03
4501,1804,96,1,296.21
4502,1805,17,3,55.59
4503,1805,35,1,40.34
4504,1805,10,1,352.16
4505,1805,65,3,173.39
4506,1806,3,1,74.07
4507,1806,96,3,296.21
4508,1806,78,1,60.37
4509,1806,13,3,380.61
4510,1807,78,2,60.37
4511,1807,42,2,403.5
4512,1808,36,2,89.71
4513,1808,26,1,39.43
4514,1808,34,3,468.64
4515,1809,55,1,379.11
4516,1809,29,2,433.91
4517,1809,72,2,421.63
4518,1810,49,1,74.12
4519,1810,64,3,376.68
4520,1811,58,1,300.22
4521,1812,99,1,34.14
4522,1812,58,2,300.22
4523,1812,62,3,341.74
4524,1812,14,3,350.58
4525,1813,13,3,380.61
4526,1814,76,1,459.65
4527,1814,11,1,114.12
4528,1814,52,3,449.42
4529,1814,61,3,431.09
4530,1815,8,2,303.0
4531,1815,33,2,336.74
4532,1816,5,2,48.03
4533,1816,89,3,378.86
4534,1817,35,3,40.34
4535,1818,70,2,256.3
4536,1818,41,3,118.38
4537,1818,31,2,417.88
4538,1818,60,3,266.91
4539,1819,14,2,350.58
4540,1820,97,1,296.28
4541,1820,21,3,66.79
4542,1821,57,1,397.08
4543,1821,5,2,48.03
4544,1822,18,3,52.87
4545,1822,71,2,435.91
4546,1822,52,1,449.42
4547,1822,38,1,192.83
4548,1823,67,2,6.61
4549,1823,79,2,439.97
4550,1823,73,3,306.44
4551,1824,79,3,439.97
4552,1824,48,3,232.13
4553,1825,27,2,117.81
4554,1825,96,3,296.21
4555,1825,18,1,52.87
4556,1825,68,3,438.55
4557,1826,54,1,257.22
4558,1826,20,2,366.22
4559,1826,9,1,103.42
4560,1827,89,1,378.86
4561,1827,69,2,486.08
4562,1828,77,1,165.46
4563,1828,9,2,103.42
4564,1828,82,3,47.4
4565,1828,29,2,433.91
4566,1829,36,2,89.71
4567,1829,55,3,379.11
4568,1830,33,3,336.74
4569,1830,70,3,256.3
4570,1830,85,1,331.58
4571,1830,10,3,352.16
4572,1831,36,1,89.71
4573,1831,34,3,468.64
4574,1832,43,3,137.53
4575,1832,99,3,34.14
4576,1832,78,2,60.37
4577,1832,95,3,36.69
4578,1833,22,1,44.01
4579,1833,30,1,142.6
4580,1834,19,1,303.84
4581,1834,61,1,431.09
4582,1835,18,3,52.87
4583,1836,42,2,403.5
4584,1836,65,1,173.39
4585,1836,31,3,417.88
4586,1836,51,2,374.77
4587,1837,46,2,110.25
4588,1837,67,2,6.61
4589,1837,68,1,438.55
4590,1837,78,1,60.37
4591,1838,92,1,326.69
4592,1838,56,3,80.66
4593,1838,57,2,397.08
4594,1839,72,2,421.63
4595,1840,47,2,200.84
4596,1841,28,3,492.68
4597,1841,72,1,421.63
4598,1841,49,2,74.12
4599,1841,23,3,415.56
4600,1842,68,1,438.55
4601,1842,1,3,60.11
4602,1842,40,2,343.88
4603,1843,65,1,173.39
4604,1843,78,2,60.37
4605,1843,5,3,48.03
4606,1844,6,3,20.73
4607,1844,91,2,202.5
4608,1844,36,3,89.71
4609,1844,8,3,303.0
4610,1845,78,3,60.37
4611,1845,59,2,193.9
4612,1845,23,2,415.56
4613,1845,96,3,296.21
4614,1846,5,2,48.03
4615,1847,91,3,202.5
4616,1847,23,1,415.56
4617,1848,8,2,303.0
4618,1849,13,3,380.61
4619,1849,36,1,89.71
4620,1849,84,3,384.09
4621,1850,91,1,202.5
4622,1850,76,3,459.65
4623,1850,47,3,200.84
4624,1851,54,3,257.22
4625,1851,86,1,86.74
4626,1851,9,1,103.42
4627,1851,98,3,40.14
4628,1852,23,2,415.56
4629,1853,89,3,378.86
4630,1853,53,1,184.19
4631,1854,40,2,343.88
4632,1855,60,3,266.91
4633,1855,90,1,104.57
4634,1855,73,2,306.44
4635,1856,24,3,443.3
4636,1857,99,1,34.14
4637,1858,59,1,193.9
4638,1858,93,1,450.31
4639,1858,40,3,343.88
4640,1859,96,3,296.21
4641,1859,17,2,55.59
4642,1860,23,2,415.56
4643,1860,18,3,52.87
4644,1860,41,2,118.38
4645,1861,26,1,39.43
4646,1861,38,2,192.83
4647,1861,90,2,104.57
4648,1862,75,2,271.99
4649,1862,45,3,438.8
4650,1862,67,2,6.61
4651,1863,5,3,48.03
4652,1863,50,1,282.88
4653,1864,45,3,438.8
4654,1864,88,2,482.36
4655,1864,27,2,117.81
4656,1864,90,3,104.57
4657,1865,12,3,142.7
4658,1865,99,1,34.14
4659,1865,34,1,468.64
4660,1866,67,3,6.61
4661,1867,60,3,266.91
4662,1867,42,2,403.5
4663,1868,42,3,403.5
4664,1869,21,2,66.79
4665,1870,24,2,443.3
4666,1871,97,1,296.28
4667,1871,57,3,397.08
4668,1872,94,2,64.9
4669,1872,61,1,431.09
4670,1872,33,3,336.74
4671,1872,48,3,232.13
4672,1873,39,1,345.64
4673,1873,30,3,142.6
4674,1873,14,2,350.58
4675,1873,55,2,379.11
4676,1874,21,3,66.79
4677,1875,73,1,306.44
4678,1875,17,3,55.59
4679,1876,12,2,142.7
4680,1877,59,2,193.9
4681,1877,22,2,44.01
4682,1877,1,3,60.11
4683,1878,39,2,345.64
4684,1878,11,1,114.12
4685,1879,12,3,142.7
4686,1879,32,1,188.24
4687,1879,88,3,482.36
4688,1879,100,2,453.18
4689,1880,13,2,380.61
4690,1880,71,3,435.91
4691,1880,51,3,374.77
4692,1881,60,3,266.91
4693,1881,32,1,188.24
4694,1881,50,1,282.88
4695,1881,41,1,118.38
4696,1882,87,3,436.85
4697,1882,55,3,379.11
4698,1882,51,3,374.77
4699,1883,29,3,433.91
4700,1884,47,2,200.84
4701,1884,65,1,173.39
4702,1884,79,3,439.97
4703,1885,83,1,408.93
4704,1886,28,2,492.68
4705,1887,84,1,384.09
4706,1887,55,1,379.11
4707,1887,37,2,126.18
4708,1887,50,3,282.88
4709,1888,54,1,257.22
4710,1888,21,2,66.79
4711,1888,88,3,482.36
4712,1889,45,3,438.8
4713,1890,2,1,141.14
4714,1890,41,1,118.38
4715,1890,74,3,190.09
4716,1890,50,3,282.88
4717,1891,55,1,379.11
4718,1891,39,2,345.64
4719,1891,34,3,468.64
4720,1891,82,1,47.4
4721,1892,65,2,173.39
4722,1892,100,2,453.18
4723,1892,92,2,326.69
4724,1892,69,2,486.08
4725,1893,69,2,486.08
4726,1893,87,1,436.85
4727,1893,20,1,366.22
4728,1893,44,3,457.0
4729,1894,56,1,80.66
4730,1894,60,2,266.91
4731,1894,6,1,20.73
4732,1894,63,2,342.45
4733,1895,33,2,336.74
4734,1895,44,3,457.0
4735,1895,38,1,192.83
4736,1896,46,2,110.25
4737,1896,3,2,74.07
4738,1896,42,2,403.5
4739,1897,46,3,110.25
4740,1898,32,1,188.24
4741,1898,11,3,114.12
4742,1898,13,1,380.61
4743,1898,94,1,64.9
4744,1899,45,2,438.8
4745,1899,89,3,378.86
4746,1899,32,3,188.24
4747,1900,6,1,20.73
4748,1900,42,2,403.5
4749,1900,5,1,48.03
4750,1900,78,3,60.37
4751,1901,49,3,74.12
4752,1902,55,2,379.11
4753,1902,3,1,74.07
4754,1902,96,2,296.21
4755,1903,56,1,80.66
4756,1904,39,3,345.64
4757,1904,66,3,220.21
4758,1904,32,3,188.24
4759,1905,28,2,492.68
4760,1905,36,3,89.71
4761,1905,89,1,378.86
4762,1905,36,3,89.71
4763,1906,24,3,443.3
4764,1906,37,2,126.18
4765,1906,1,2,60.11
4766,1906,27,1,117.81
4767,1907,36,2,89.71
4768,1907,60,3,266.91
4769,1908,13,1,380.61
4770,1908,29,1,433.91
4771,1908,91,2,202.5
4772,1909,94,3,64.9
4773,1909,78,2,60.37
4774,1909,76,2,459.65
4775,1910,61,3,431.09
4776,1910,2,2,141.14
4777,1910,44,2,457.0
4778,1910,45,2,438.8
4779,1911,27,3,117.81
4780,1911,90,1,104.57
4781,1911,87,2,436.85
4782,1911,33,2,336.74
4783,1912,81,2,439.61
4784,1913,27,3,117.81
4785,1914,97,2,296.28
4786,1914,58,3,300.22
4787,1914,60,1,266.91
4788,1915,80,2,123.53
4789,1915,73,2,306.44
4790,1916,97,2,296.28
4791,1917,49,3,74.12
4792,1917,17,2,55.59
4793,1918,13,2,380.61
4794,1919,74,2,190.09
4795,1920,71,2,435.91
4796,1920,46,1,110.25
4797,1920,54,3,257.22
4798,1920,36,2,89.71
4799,1921,86,3,86.74
4800,1922,65,3,173.39
4801,1922,69,2,486.08
4802,1922,29,2,433.91
4803,1923,58,1,300.22
4804,1923,23,2,415.56
4805,1923,37,1,126.18
4806,1924,84,1,384.09
4807,1924,88,1,482.36
4808,1924,50,3,282.88
4809,1924,84,2,384.09
4810,1925,82,1,47.4
4811,1925,80,1,123.53
4812,1926,77,3,165.46
4813,1927,42,3,403.5
4814,1928,88,1,482.36
4815,1928,48,1,232.13
4816,1928,96,3,296.21
4817,1928,84,2,384.09
4818,1929,21,2,66.79
4819,1929,48,3,232.13
4820,1930,92,1,326.69
4821,1930,42,1,403.5
4822,1930,38,1,192.83
4823,1930,4,1,339.97
4824,1931,88,3,482.36
4825,1931,57,1,397.08
4826,1932,65,3,173.39
4827,1932,15,3,142.55
4828,1932,43,1,137.53
4829,1932,32,2,188.24
4830,1933,96,1,296.21
4831,1934,50,1,282.88
4832,1934,54,2,257.22
4833,1934,92,3,326.69
4834,1934,16,3,478.82
4835,1935,57,2,397.08
4836,1936,51,3,374.77
4837,1936,99,1,34.14
4838,1936,47,2,200.84
4839,1937,55,1,379.11
4840,1937,14,1,350.58
4841,1937,34,3,468.64
4842,1937,97,1,296.28
4843,1938,85,2,331.58
4844,1938,19,1,303.84
4845,1938,62,1,341.74
4846,1938,34,1,468.64
4847,1939,59,3,193.9
4848,1940,44,2,457.0
4849,1940,89,2,378.86
4850,1940,43,2,137.53
4851,1941,77,1,165.46
4852,1941,98,1,40.14
4853,1941,19,3,303.84
4854,1942,73,2,306.44
4855,1942,92,2,326.69
4856,1942,40,3,343.88
4857,1943,61,3,431.09
4858,1943,57,3,397.08
4859,1943,38,1,192.83
4860,1944,19,3,303.84
4861,1944,38,2,192.83
4862,1945,28,3,492.68
4863,1946,34,2,468.64
4864,1947,62,3,341.74
4865,1947,22,2,44.01
4866,1947,83,1,408.93
4867,1947,76,3,459.65
4868,1948,63,3,342.45
4869,1948,22,3,44.01
4870,1948,62,1,341.74
4871,1948,62,2,341.74
4872,1949,44,1,457.0
4873,1950,36,3,89.71
4874,1950,100,3,453.18
4875,1951,46,2,110.25
4876,1951,59,3,193.9
4877,1952,96,3,296.21
4878,1953,47,3,200.84
4879,1953,5,2,48.03
4880,1954,65,1,173.39
4881,1954,35,3,40.34
4882,1954,69,3,486.08
4883,1955,58,3,300.22
4884,1956,95,1,36.69
4885,1956,89,3,378.86
4886,1956,32,1,188.24
4887,1957,6,3,20.73
4888,1957,35,3,40.34
4889,1958,94,1,64.9
4890,1958,17,3,55.59
4891,1959,32,3,188.24
4892,1959,98,3,40.14
4893,1960,41,3,118.38
4894,1961,57,1,397.08
4895,1962,77,2,165.46
4896,1962,39,3,345.64
4897,1963,93,2,450.31
4898,1964,1,2,60.11
4899,1964,97,2,296.28
4900,1964,77,2,165.46
4901,1964,64,3,376.68
4902,1965,66,2,220.21
4903,1965,83,2,408.93
4904,1965,34,3,468.64
4905,1965,32,2,188.24
4906,1966,81,2,439.61
4907,1966,15,1,142.55
4908,1966,63,1,342.45
4909,1967,64,1,376.68
4910,1967,23,1,415.56
4911,1967,98,2,40.14
4912,1967,87,2,436.85
4913,1968,44,3,457.0
4914,1968,88,3,482.36
4915,1968,24,1,443.3
4916,1968,100,1,453.18
4917,1969,65,2,173.39
4918,1969,41,3,118.38
4919,1969,61,1,431.09
4920,1970,74,3,190.09
4921,1970,20,2,366.22
4922,1971,22,1,44.01
4923,1971,79,3,439.97
4924,1971,21,2,66.79
4925,1971,67,2,6.61
4926,1972,100,3,453.18
4927,1972,35,1,40.34
4928,1972,34,2,468.64
4929,1972,39,2,345.64
4930,1973,96,2,296.21
4931,1973,58,2,300.22
4932,1973,55,3,379.11
4933,1974,98,2,40.14
4934,1975,83,1,408.93
4935,1975,59,2,193.9
4936,1975,3,3,74.07
4937,1976,38,2,192.83
4938,1976,4,2,339.97
4939,1976,55,2,379.11
4940,1977,28,3,492.68
4941,1977,65,2,173.39
4942,1978,32,1,188.24
4943,1979,6,3,20.73
4944,1979,50,3,282.88
4945,1979,91,2,202.5
4946,1979,32,2,188.24
4947,1980,13,1,380.61
4948,1981,57,2,397.08
4949,1981,15,2,142.55
4950,1981,18,3,52.87
4951,1982,20,1,366.22
4952,1982,76,2,459.65
4953,1982,74,1,190.09
4954,1982,72,1,421.63
4955,1983,72,3,421.63
4956,1983,38,3,192.83
4957,1983,3,1,74.07
4958,1984,47,2,200.84
4959,1984,96,1,296.21
4960,1984,24,2,443.3
4961,1985,43,1,137.53
4962,1985,87,3,436.85
4963,1985,34,2,468.64
4964,1986,18,1,52.87
4965,1987,63,1,342.45
4966,1987,68,1,438.55
4967,1987,66,2,220.21
4968,1987,3,3,74.07
4969,1988,69,2,486.08
4970,1988,37,3,126.18
4971,1988,43,3,137.53
4972,1989,72,1,421.63
4973,1990,74,2,190.09
4974,1991,97,1,296.28
4975,1991,99,3,34.14
4976,1992,58,3,300.22
4977,1992,20,3,366.22
4978,1992,43,1,137.53
4979,1992,24,3,443.3
4980,1993,3,2,74.07
4981,1993,74,2,190.09
4982,1993,1,3,60.11
4983,1993,50,1,282.88
4984,1994,20,2,366.22
4985,1994,29,3,433.91
4986,1994,87,2,436.85
4987,1994,69,2,486.08
4988,1995,92,3,326.69
4989,1995,20,1,366.22
4990,1995,99,1,34.14
4991,1996,4,3,339.97
4992,1997,100,1,453.18
4993,1998,42,2,403.5
4994,1999,26,2,39.43
4995,1999,21,2,66.79
4996,2000,99,2,34.14
4997,2000,4,1,339.97
4998,2001,16,2,478.82
4999,2001,4,2,339.97
5000,2001,96,3,296.21
5001,2001,27,2,117.81
5002,2002,26,1,39.43
5003,2002,99,2,34.14
5004,2002,76,1,459.65
5005,2002,12,1,142.7
5006,2003,21,1,66.79
5007,2004,96,2,296.21
5008,2004,54,1,257.22
5009,2004,27,1,117.81
5010,2005,33,3,336.74
5011,2005,15,2,142.55
5012,2005,3,1,74.07
5013,2005,49,2,74.12
5014,2006,46,2,110.25
5015,2007,56,3,80.66
5016,2008,84,3,384.09
5017,2009,3,2,74.07
5018,2009,94,3,64.9
5019,2009,42,1,403.5
5020,2009,19,1,303.84
5021,2010,67,1,6.61
5022,2010,18,3,52.87
5023,2011,77,1,165.46
5024,2012,48,3,232.13
5025,2012,54,1,257.22
5026,2012,54,1,257.22
5027,2013,95,3,36.69
5028,2013,24,2,443.3
5029,2014,4,2,339.97
5030,2014,27,2,117.81
5031,2015,80,2,123.53
5032,2015,4,1,339.97
5033,2015,43,1,137.53
5034,2016,53,1,184.19
5035,2016,70,2,256.3
5036,2017,21,1,66.79
5037,2017,2,2,141.14
5038,2018,9,1,103.42
5039,2018,61,2,431.09
5040,2018,54,3,257.22
5041,2018,57,1,397.08
5042,2019,40,2,343.88
5043,2020,17,2,55.59
5044,2020,85,3,331.58
5045,2020,47,3,200.84
5046,2021,64,3,376.68
5047,2021,74,1,190.09
5048,2021,17,1,55.59
5049,2021,66,1,220.21
5050,2022,85,1,331.58
5051,2022,96,1,296.21
5052,2023,32,1,188.24
5053,2024,43,3,137.53
5054,2024,60,3,266.91
5055,2024,76,3,459.65
5056,2025,98,1,40.14
5057,2025,42,2,403.5
5058,2025,48,3,232.13
5059,2026,96,2,296.21
5060,2027,24,1,443.3
5061,2027,19,3,303.84
5062,2028,21,2,66.79
5063,2028,42,1,403.5
5064,2029,25,3,290.79
5065,2029,74,2,190.09
5066,2029,58,1,300.22
5067,2030,16,3,478.82
5068,2030,36,3,89.71
5069,2030,99,3,34.14
5070,2030,44,2,457.0
5071,2031,63,3,342.45
5072,2031,59,3,193.9
5073,2031,13,3,380.61
5074,2032,9,2,103.42
5075,2032,55,3,379.11
5076,2032,4,3,339.97
5077,2033,15,1,142.55
5078,2033,71,3,435.91
5079,2033,38,1,192.83
5080,2033,45,2,438.8
5081,2034,65,1,173.39
5082,2035,19,3,303.84
5083,2035,29,1,433.91
5084,2036,68,3,438.55
5085,2036,100,1,453.18
5086,2036,73,3,306.44
5087,2037,70,1,256.3
5088,2037,89,3,378.86
5089,2037,22,2,44.01
5090,2038,82,3,47.4
5091,2038,80,1,123.53
5092,2039,70,3,256.3
5093,2039,55,1,379.11
5094,2040,38,2,192.83
5095,2040,67,2,6.61
5096,2040,61,2,431.09
5097,2040,42,1,403.5
5098,2041,10,2,352.16
5099,2042,27,3,117.81
5100,2042,79,3,439.97
5101,2042,9,1,103.42
5102,2043,62,1,341.74
5103,2043,98,1,40.14
5104,2044,51,3,374.77
5105,2044,25,1,290.79
5106,2044,45,1,438.8
5107,2044,29,2,433.91
5108,2045,93,3,450.31
5109,2046,27,2,117.81
5110,2046,19,3,303.84
5111,2047,82,1,47.4
5112,2048,99,3,34.14
5113,2049,39,1,345.64
5114,2049,70,3,256.3
5115,2049,79,2,439.97
5116,2049,20,1,366.22
5117,2050,35,1,40.34
5118,2050,49,2,74.12
5119,2050,15,3,142.55
5120,2051,91,3,202.5
5121,2051,63,2,342.45
5122,2052,94,3,64.9
5123,2053,31,3,417.88
5124,2053,64,3,376.68
5125,2053,56,2,80.66
5126,2054,93,3,450.31
5127,2054,36,2,89.71
5128,2054,82,3,47.4
5129,2055,46,1,110.25
5130,2055,2,1,141.14
5131,2055,92,2,326.69
5132,2056,76,2,459.65
5133,2056,86,2,86.74
5134,2057,72,3,421.63
5135,2057,73,2,306.44
5136,2057,78,3,60.37
5137,2057,86,2,86.74
5138,2058,74,1,190.09
5139,2059,47,3,200.84
5140,2059,87,3,436.85
5141,2060,92,3,326.69
5142,2060,6,2,20.73
5143,2060,83,2,408.93
5144,2060,59,3,193.9
5145,2061,81,3,439.61
5146,2061,100,2,453.18
5147,2061,86,1,86.74
5148,2061,28,3,492.68
5149,2062,13,2,380.61
5150,2062,53,1,184.19
5151,2062,94,2,64.9
5152,2063,88,2,482.36
5153,2063,46,1,110.25
5154,2063,36,2,89.71
5155,2064,90,3,104.57
5156,2064,34,1,468.64
5157,2064,27,3,117.81
5158,2064,99,3,34.14
5159,2065,97,2,296.28
5160,2065,100,1,453.18
5161,2065,64,1,376.68
5162,2065,43,2,137.53
5163,2066,41,2,118.38
5164,2066,13,3,380.61
5165,2067,80,2,123.53
5166,2067,82,1,47.4
5167,2067,97,2,296.28
5168,2068,45,2,438.8
5169,2068,57,2,397.08
5170,2068,97,1,296.28
5171,2068,22,2,44.01
5172,2069,65,3,173.39
5173,2069,83,3,408.93
5174,2069,38,3,192.83
5175,2070,26,1,39.43
5176,2071,34,1,468.64
5177,2071,92,2,326.69
5178,2071,69,2,486.08
5179,2071,51,1,374.77
5180,2072,79,3,439.97
5181,2072,11,2,114.12
5182,2072,29,2,433.91
5183,2073,86,2,86.74
5184,2073,4,2,339.97
5185,2074,32,1,188.24
5186,2074,57,3,397.08
5187,2075,38,1,192.83
5188,2076,57,2,397.08
5189,2076,72,3,421.63
5190,2076,73,1,306.44
5191,2076,53,1,184.19
5192,2077,81,3,439.61
5193,2077,50,3,282.88
5194,2077,34,3,468.64
5195,2077,47,2,200.84
5196,2078,41,3,118.38
5197,2078,46,1,110.25
5198,2079,90,1,104.57
5199,2079,69,3,486.08
5200,2079,17,1,55.59
5201,2080,69,2,486.08
5202,2080,14,3,350.58
5203,2080,30,3,142.6
5204,2080,45,3,438.8
5205,2081,60,2,266.91
5206,2081,74,1,190.09
5207,2082,76,2,459.65
5208,2082,9,1,103.42
5209,2082,3,3,74.07
5210,2082,58,3,300.22
5211,2083,62,3,341.74
5212,2083,19,1,303.84
5213,2083,88,2,482.36
5214,2084,73,2,306.44
5215,2084,94,1,64.9
5216,2084,92,3,326.69
5217,2085,51,1,374.77
5218,2085,85,2,331.58
5219,2086,43,1,137.53
5220,2086,73,3,306.44
5221,2086,53,1,184.19
5222,2087,1,3,60.11
5223,2087,7,3,113.23
5224,2087,97,2,296.28
5225,2088,79,1,439.97
5226,2089,94,1,64.9
5227,2089,32,3,188.24
5228,2090,24,1,443.3
5229,2090,84,2,384.09
5230,2091,13,2,380.61
5231,2092,53,2,184.19
5232,2092,90,2,104.57
5233,2092,18,2,52.87
5234,2092,24,1,443.3
5235,2093,33,2,336.74
5236,2093,12,1,142.7
5237,2093,34,2,468.64
5238,2093,26,1,39.43
5239,2094,44,2,457.0
5240,2095,3,3,74.07
5241,2095,8,3,303.0
5242,2095,8,3,303.0
5243,2096,68,1,438.55
5244,2097,4,3,339.97
5245,2097,73,2,306.44
5246,2097,9,1,103.42
5247,2098,24,3,443.3
5248,2098,28,2,492.68
5249,2098,13,3,380.61
5250,2098,20,3,366.22
5251,2099,91,1,202.5
5252,2099,65,1,173.39
5253,2099,57,1,397.08
5254,2099,80,1,123.53
5255,2100,40,2,343.88
5256,2101,76,3,459.65
5257,2101,22,1,44.01
5258,2102,79,2,439.97
5259,2102,59,3,193.9
5260,2103,15,3,142.55
5261,2103,71,1,435.91
5262,2103,44,1,457.0
5263,2103,47,1,200.84
5264,2104,25,2,290.79
5265,2104,6,2,20.73
5266,2104,8,2,303.0
5267,2104,85,3,331.58
5268,2105,67,1,6.61
5269,2106,97,3,296.28
5270,2106,83,1,408.93
5271,2106,37,2,126.18
5272,2106,18,2,52.87
5273,2107,52,2,449.42
5274,2107,49,1,74.12
5275,2107,63,1,342.45
5276,2107,63,1,342.45
5277,2108,40,2,343.88
5278,2108,99,2,34.14
5279,2108,99,3,34.14
5280,2108,90,1,104.57
5281,2109,12,2,142.7
5282,2109,76,3,459.65
5283,2110,83,2,408.93
5284,2110,95,1,36.69
5285,2111,50,1,282.88
5286,2111,46,3,110.25
5287,2111,7,3,113.23
5288,2112,66,2,220.21
5289,2112,88,3,482.36
5290,2113,59,1,193.9
5291,2114,10,3,352.16
5292,2114,27,2,117.81
5293,2114,27,3,117.81
5294,2115,49,1,74.12
5295,2116,1,1,60.11
5296,2116,85,2,331.58
5297,2116,23,2,415.56
5298,2117,6,1,20.73
5299,2117,19,3,303.84
5300,2117,32,3,188.24
5301,2117,86,2,86.74
5302,2118,27,3,117.81
5303,2118,95,2,36.69
5304,2118,53,3,184.19
5305,2119,49,2,74.12
5306,2119,25,2,290.79
5307,2119,33,3,336.74
5308,2119,2,3,141.14
5309,2120,17,3,55.59
5310,2120,89,1,378.86
5311,2120,10,3,352.16
5312,2120,15,1,142.55
5313,2121,9,1,103.42
5314,2121,69,2,486.08
5315,2121,22,3,44.01
5316,2121,33,3,336.74
5317,2122,37,3,126.18
5318,2122,37,2,126.18
5319,2122,73,2,306.44
5320,2122,14,1,350.58
5321,2123,12,3,142.7
5322,2123,64,1,376.68
5323,2124,61,2,431.09
5324,2125,50,1,282.88
5325,2126,31,2,417.88
5326,2127,57,3,397.08
5327,2127,99,1,34.14
5328,2128,99,1,34.14
5329,2128,93,2,450.31
5330,2129,44,2,457.0
5331,2129,23,2,415.56
5332,2130,51,2,374.77
5333,2131,29,1,433.91
5334,2132,4,2,339.97
5335,2132,9,1,103.42
5336,2132,78,3,60.37
5337,2132,37,3,126.18
5338,2133,8,1,303.0
5339,2133,88,1,482.36
5340,2133,53,3,184.19
5341,2134,93,2,450.31
5342,2134,48,1,232.13
5343,2135,1,2,60.11
5344,2135,1,3,60.11
5345,2136,29,3,433.91
5346,2137,3,3,74.07
5347,2138,37,3,126.18
5348,2138,79,2,439.97
5349,2138,58,3,300.22
5350,2138,31,3,417.88
5351,2139,82,2,47.4
5352,2139,62,1,341.74
5353,2139,59,3,193.9
5354,2140,37,3,126.18
5355,2140,94,1,64.9
5356,2141,21,2,66.79
5357,2141,95,1,36.69
5358,2141,56,2,80.66
5359,2142,91,3,202.5
5360,2142,30,2,142.6
5361,2142,17,3,55.59
5362,2142,46,1,110.25
5363,2143,59,3,193.9
5364,2143,58,2,300.22
5365,2143,50,2,282.88
5366,2143,47,2,200.84
5367,2144,93,3,450.31
5368,2144,27,1,117.81
5369,2145,94,3,64.9
5370,2145,80,2,123.53
5371,2146,48,3,232.13
5372,2146,40,1,343.88
5373,2146,51,1,374.77
5374,2146,61,1,431.09
5375,2147,100,3,453.18
5376,2147,53,1,184.19
5377,2147,26,1,39.43
5378,2148,85,2,331.58
5379,2148,67,2,6.61
5380,2149,89,1,378.86
5381,2150,35,3,40.34
5382,2150,88,3,482.36
5383,2151,74,1,190.09
5384,2151,20,2,366.22
5385,2151,41,2,118.38
5386,2151,32,3,188.24
5387,2152,41,3,118.38
5388,2152,98,3,40.14
5389,2152,68,3,438.55
5390,2152,81,1,439.61
5391,2153,11,1,114.12
5392,2154,43,1,137.53
5393,2155,26,3,39.43
5394,2155,20,1,366.22
5395,2155,40,1,343.88
5396,2156,75,2,271.99
5397,2156,61,2,431.09
5398,2156,91,1,202.5
5399,2157,20,1,366.22
5400,2157,54,1,257.22
5401,2158,21,3,66.79
5402,2158,71,3,435.91
5403,2158,61,3,431.09
5404,2158,36,3,89.71
5405,2159,85,1,331.58
5406,2160,18,2,52.87
5407,2161,99,1,34.14
5408,2161,76,3,459.65
5409,2162,75,3,271.99
5410,2162,24,2,443.3
5411,2162,3,2,74.07
5412,2162,86,3,86.74
5413,2163,48,1,232.13
5414,2164,87,2,436.85
5415,2164,20,1,366.22
5416,2164,86,1,86.74
5417,2165,92,1,326.69
5418,2165,46,3,110.25
5419,2165,64,1,376.68
5420,2166,22,2,44.01
5421,2166,33,1,336.74
5422,2166,66,2,220.21
5423,2166,67,1,6.61
5424,2167,7,3,113.23
5425,2167,31,3,417.88
5426,2168,44,1,457.0
5427,2168,35,3,40.34
5428,2168,98,3,40.14
5429,2168,59,3,193.9
5430,2169,17,3,55.59
5431,2170,39,2,345.64
5432,2171,50,1,282.88
5433,2171,89,3,378.86
5434,2171,35,3,40.34
5435,2171,49,2,74.12
5436,2172,53,3,184.19
5437,2172,44,1,457.0
5438,2172,45,3,438.8
5439,2172,34,3,468.64
5440,2173,11,2,114.12
5441,2173,86,1,86.74
5442,2173,86,2,86.74
5443,2174,3,1,74.07
5444,2175,10,1,352.16
5445,2175,48,1,232.13
5446,2176,100,1,453.18
5447,2176,10,1,352.16
5448,2177,80,1,123.53
5449,2177,20,3,366.22
5450,2177,81,2,439.61
5451,2178,79,1,439.97
5452,2179,96,1,296.21
5453,2179,24,1,443.3
5454,2180,56,3,80.66
5455,2181,50,2,282.88
5456,2182,26,3,39.43
5457,2182,64,3,376.68
5458,2182,91,1,202.5
5459,2182,61,2,431.09
5460,2183,57,1,397.08
5461,2184,26,2,39.43
5462,2184,19,3,303.84
5463,2185,90,1,104.57
5464,2186,97,1,296.28
5465,2186,21,2,66.79
5466,2186,82,3,47.4
5467,2187,28,2,492.68
5468,2187,33,2,336.74
5469,2187,95,1,36.69
5470,2188,37,1,126.18
5471,2188,9,1,103.42
5472,2188,9,2,103.42
5473,2189,80,2,123.53
5474,2190,2,3,141.14
5475,2190,87,1,436.85
5476,2190,41,3,118.38
5477,2190,99,2,34.14
5478,2191,73,2,306.44
5479,2192,46,3,110.25
5480,2192,62,2,341.74
5481,2192,64,2,376.68
5482,2192,98,2,40.14
5483,2193,30,3,142.6
5484,2193,22,1,44.01
5485,2194,60,2,266.91
5486,2194,52,2,449.42
5487,2194,60,2,266.91
5488,2194,20,1,366.22
5489,2195,4,1,339.97
5490,2195,41,2,118.38
5491,2195,81,1,439.61
5492,2195,52,2,449.42
5493,2196,20,3,366.22
5494,2196,24,1,443.3
5495,2197,20,2,366.22
5496,2197,44,1,457.0
5497,2197,3,2,74.07
5498,2197,51,1,374.77
5499,2198,30,1,142.6
5500,2198,63,3,342.45
5501,2198,93,2,450.31
5502,2199,63,3,342.45
5503,2199,8,2,303.0
5504,2200,91,2,202.5
5505,2200,78,2,60.37
5506,2200,19,1,303.84
5507,2201,54,2,257.22
5508,2201,2,2,141.14
5509,2202,88,3,482.36
5510,2202,55,3,379.11
5511,2202,16,3,478.82
5512,2203,93,2,450.31
5513,2203,89,1,378.86
5514,2203,48,3,232.13
5515,2204,58,2,300.22
5516,2205,89,1,378.86
5517,2205,41,3,118.38
5518,2205,61,2,431.09
5519,2206,90,1,104.57
5520,2206,17,2,55.59
5521,2206,81,3,439.61
5522,2207,32,2,188.24
5523,2207,73,2,306.44
5524,2208,50,1,282.88
5525,2209,60,3,266.91
5526,2209,94,2,64.9
5527,2209,9,2,103.42
5528,2209,50,1,282.88
5529,2210,47,1,200.84
5530,2210,61,1,431.09
5531,2211,46,3,110.25
5532,2211,62,3,341.74
5533,2211,19,2,303.84
5534,2212,78,3,60.37
5535,2212,26,3,39.43
5536,2212,25,3,290.79
5537,2213,95,1,36.69
5538,2214,32,2,188.24
5539,2214,55,3,379.11
5540,2214,2,2,141.14
5541,2215,4,1,339.97
5542,2215,84,3,384.09
5543,2215,98,2,40.14
5544,2216,58,3,300.22
5545,2216,49,3,74.12
5546,2217,14,2,350.58
5547,2217,59,2,193.9
5548,2217,26,3,39.43
5549,2218,76,1,459.65
5550,2218,42,1,403.5
5551,2219,71,2,435.91
5552,2219,48,1,232.13
5553,2219,41,3,118.38
5554,2220,83,2,408.93
5555,2220,51,1,374.77
5556,2220,42,3,403.5
5557,2220,98,1,40.14
5558,2221,66,1,220.21
5559,2222,64,1,376.68
5560,2222,9,1,103.42
5561,2223,92,1,326.69
5562,2223,12,2,142.7
5563,2224,53,2,184.19
5564,2225,70,1,256.3
5565,2225,68,2,438.55
5566,2225,83,2,408.93
5567,2225,89,1,378.86
5568,2226,58,1,300.22
5569,2226,15,2,142.55
5570,2227,7,3,113.23
5571,2228,6,1,20.73
5572,2228,29,1,433.91
5573,2228,20,1,366.22
5574,2228,65,2,173.39
5575,2229,3,3,74.07
5576,2229,98,2,40.14
5577,2229,64,1,376.68
5578,2229,86,3,86.74
5579,2230,6,1,20.73
5580,2231,75,2,271.99
5581,2231,1,2,60.11
5582,2232,66,1,220.21
5583,2232,51,1,374.77
5584,2232,20,3,366.22
5585,2233,35,3,40.34
5586,2233,48,3,232.13
5587,2233,50,1,282.88
5588,2234,43,1,137.53
5589,2234,42,2,403.5
5590,2234,51,1,374.77
5591,2235,58,3,300.22
5592,2236,27,1,117.81
5593,2236,15,1,142.55
5594,2236,50,1,282.88
5595,2236,96,1,296.21
5596,2237,89,3,378.86
5597,2237,28,3,492.68
5598,2237,39,2,345.64
5599,2238,73,2,306.44
5600,2238,28,3,492.68
5601,2239,24,2,443.3
5602,2239,27,2,117.81
5603,2240,59,2,193.9
5604,2240,78,1,60.37
5605,2240,63,2,342.45
5606,2241,10,3,352.16
5607,2241,14,1,350.58
5608,2242,2,2,141.14
5609,2243,49,3,74.12
5610,2243,73,1,306.44
5611,2243,13,1,380.61
5612,2243,48,1,232.13
5613,2244,95,2,36.69
5614,2244,10,2,352.16
5615,2244,54,3,257.22
5616,2244,3,2,74.07
5617,2245,39,1,345.64
5618,2246,16,3,478.82
5619,2246,96,3,296.21
5620,2247,23,1,415.56
5621,2247,15,1,142.55
5622,2247,93,1,450.31
5623,2247,59,3,193.9
5624,2248,3,3,74.07
5625,2248,73,2,306.44
5626,2248,9,3,103.42
5627,2249,51,3,374.77
5628,2250,56,2,80.66
5629,2250,53,1,184.19
5630,2250,2,3,141.14
5631,2250,6,3,20.73
5632,2251,91,2,202.5
5633,2251,93,2,450.31
5634,2251,26,2,39.43
5635,2252,31,3,417.88
5636,2252,58,1,300.22
5637,2253,72,3,421.63
5638,2253,63,1,342.45
5639,2253,92,3,326.69
5640,2253,7,2,113.23
5641,2254,59,2,193.9
5642,2254,70,1,256.3
5643,2254,48,3,232.13
5644,2255,42,3,403.5
5645,2255,82,2,47.4
5646,2256,48,2,232.13
5647,2256,45,2,438.8
5648,2256,19,3,303.84
5649,2256,97,2,296.28
5650,2257,56,1,80.66
5651,2257,78,2,60.37
5652,2257,18,2,52.87
5653,2258,58,3,300.22
5654,2258,88,1,482.36
5655,2258,6,2,20.73
5656,2258,65,3,173.39
5657,2259,74,1,190.09
5658,2259,27,3,117.81
5659,2260,15,3,142.55
5660,2260,70,1,256.3
5661,2260,67,1,6.61
5662,2260,74,1,190.09
5663,2261,95,1,36.69
5664,2261,88,3,482.36
5665,2262,42,3,403.5
5666,2263,67,3,6.61
5667,2263,51,1,374.77
5668,2263,74,2,190.09
5669,2263,96,2,296.21
5670,2264,29,3,433.91
5671,2265,92,1,326.69
5672,2265,65,1,173.39
5673,2266,89,2,378.86
5674,2267,27,3,117.81
5675,2267,82,1,47.4
5676,2267,25,1,290.79
5677,2268,27,1,117.81
5678,2269,9,2,103.42
5679,2270,46,3,110.25
5680,2270,52,1,449.42
5681,2270,90,3,104.57
5682,2270,39,2,345.64
5683,2271,55,3,379.11
5684,2271,76,2,459.65
5685,2271,82,3,47.4
5686,2272,5,2,48.03
5687,2272,41,2,118.38
5688,2272,4,2,339.97
5689,2272,90,2,104.57
5690,2273,55,3,379.11
5691,2274,88,2,482.36
5692,2274,4,2,339.97
5693,2274,5,2,48.03
5694,2275,33,3,336.74
5695,2275,12,1,142.7
5696,2275,32,3,188.24
5697,2275,92,3,326.69
5698,2276,96,2,296.21
5699,2276,31,3,417.88
5700,2276,61,1,431.09
5701,2276,42,2,403.5
5702,2277,28,3,492.68
5703,2277,53,1,184.19
5704,2277,2,3,141.14
5705,2277,17,3,55.59
5706,2278,65,2,173.39
5707,2279,36,3,89.71
5708,2279,73,2,306.44
5709,2279,69,3,486.08
5710,2279,93,1,450.31
5711,2280,23,2,415.56
5712,2280,38,1,192.83
5713,2280,6,2,20.73
5714,2280,77,2,165.46
5715,2281,10,1,352.16
5716,2281,62,2,341.74
5717,2282,99,2,34.14
5718,2282,6,2,20.73
5719,2283,30,3,142.6
5720,2283,57,3,397.08
5721,2283,15,1,142.55
5722,2283,22,1,44.01
5723,2284,57,2,397.08
5724,2285,3,3,74.07
5725,2285,68,3,438.55
5726,2285,48,3,232.13
5727,2285,70,1,256.3
5728,2286,56,3,80.66
5729,2286,90,2,104.57
5730,2286,9,1,103.42
5731,2287,61,2,431.09
5732,2287,65,1,173.39
5733,2287,18,1,52.87
5734,2288,86,1,86.74
5735,2288,58,3,300.22
5736,2289,62,1,341.74
5737,2289,85,1,331.58
5738,2289,75,2,271.99
5739,2290,26,1,39.43
5740,2290,39,1,345.64
5741,2291,48,1,232.13
5742,2292,68,3,438.55
5743,2293,39,1,345.64
5744,2294,28,1,492.68
5745,2294,85,2,331.58
5746,2294,62,2,341.74
5747,2294,28,1,492.68
5748,2295,19,3,303.84
5749,2296,98,1,40.14
5750,2296,62,3,341.74
5751,2297,81,2,439.61
5752,2297,81,2,439.61
5753,2298,53,1,184.19
5754,2298,97,2,296.28
5755,2298,6,2,20.73
5756,2299,86,3,86.74
5757,2299,48,2,232.13
5758,2300,96,1,296.21
5759,2300,62,3,341.74
5760,2301,83,3,408.93
5761,2301,21,1,66.79
5762,2301,77,3,165.46
5763,2301,37,2,126.18
5764,2302,54,1,257.22
5765,2303,99,3,34.14
5766,2303,6,2,20.73
5767,2304,84,2,384.09
5768,2304,39,3,345.64
5769,2304,78,2,60.37
5770,2304,40,2,343.88
5771,2305,61,2,431.09
5772,2305,12,3,142.7
5773,2306,33,3,336.74
5774,2307,77,3,165.46
5775,2307,30,2,142.6
5776,2307,42,1,403.5
5777,2308,25,2,290.79
5778,2308,67,3,6.61
5779,2308,53,2,184.19
5780,2309,99,3,34.14
5781,2309,18,3,52.87
5782,2310,92,3,326.69
5783,2310,71,2,435.91
5784,2310,27,2,117.81
5785,2311,93,3,450.31
5786,2312,27,3,117.81
5787,2312,82,2,47.4
5788,2313,48,1,232.13
5789,2313,51,2,374.77
5790,2313,92,2,326.69
5791,2313,73,2,306.44
5792,2314,78,1,60.37
5793,2314,33,1,336.74
5794,2314,49,3,74.12
5795,2315,33,2,336.74
5796,2315,59,3,193.9
5797,2316,26,2,39.43
5798,2316,7,2,113.23
5799,2316,81,2,439.61
5800,2316,77,1,165.46
5801,2317,16,1,478.82
5802,2317,24,1,443.3
5803,2317,47,1,200.84
5804,2318,14,3,350.58
5805,2318,69,2,486.08
5806,2318,17,1,55.59
5807,2319,27,1,117.81
5808,2319,85,3,331.58
5809,2319,8,1,303.0
5810,2319,15,2,142.55
5811,2320,56,1,80.66
5812,2320,30,1,142.6
5813,2320,80,3,123.53
5814,2321,31,1,417.88
5815,2321,3,3,74.07
5816,2321,75,2,271.99
5817,2322,27,3,117.81
5818,2322,79,1,439.97
5819,2322,21,1,66.79
5820,2322,74,3,190.09
5821,2323,63,1,342.45
5822,2323,13,1,380.61
5823,2323,53,1,184.19
5824,2324,23,1,415.56
5825,2324,36,1,89.71
5826,2325,56,3,80.66
5827,2325,77,2,165.46
5828,2325,58,1,300.22
5829,2326,53,3,184.19
5830,2327,79,2,439.97
5831,2327,3,3,74.07
5832,2327,98,2,40.14
5833,2327,27,3,117.81
5834,2328,42,1,403.5
5835,2328,64,3,376.68
5836,2328,79,2,439.97
5837,2329,48,1,232.13
5838,2329,91,1,202.5
5839,2330,22,2,44.01
5840,2330,27,1,117.81
5841,2330,41,2,118.38
5842,2330,52,2,449.42
5843,2331,49,3,74.12
5844,2331,61,1,431.09
5845,2332,83,3,408.93
5846,2332,9,2,103.42
5847,2333,74,2,190.09
5848,2333,47,2,200.84
5849,2333,3,2,74.07
5850,2333,56,3,80.66
5851,2334,56,2,80.66
5852,2335,34,2,468.64
5853,2335,21,1,66.79
5854,2335,29,3,433.91
5855,2336,5,2,48.03
5856,2336,47,1,200.84
5857,2337,12,3,142.7
5858,2337,90,3,104.57
5859,2338,58,1,300.22
5860,2338,38,1,192.83
5861,2338,56,2,80.66
5862,2339,53,2,184.19
5863,2339,22,3,44.01
5864,2340,80,1,123.53
5865,2341,37,3,126.18
5866,2341,61,2,431.09
5867,2342,26,3,39.43
5868,2343,35,1,40.34
5869,2344,71,2,435.91
5870,2344,93,1,450.31
5871,2344,20,3,366.22
5872,2344,24,1,443.3
5873,2345,99,2,34.14
5874,2345,66,1,220.21
5875,2346,51,1,374.77
5876,2347,17,1,55.59
5877,2347,78,2,60.37
5878,2348,32,2,188.24
5879,2348,23,3,415.56
5880,2348,15,3,142.55
5881,2348,32,1,188.24
5882,2349,9,2,103.42
5883,2350,68,2,438.55
5884,2350,87,2,436.85
5885,2350,71,3,435.91
5886,2350,93,2,450.31
5887,2351,78,3,60.37
5888,2351,92,3,326.69
5889,2351,52,2,449.42
5890,2352,65,2,173.39
5891,2352,17,1,55.59
5892,2353,39,1,345.64
5893,2353,78,2,60.37
5894,2353,49,2,74.12
5895,2354,63,1,342.45
5896,2354,97,1,296.28
5897,2354,28,2,492.68
5898,2355,58,3,300.22
5899,2355,98,3,40.14
5900,2356,51,1,374.77
5901,2356,19,1,303.84
5902,2356,30,2,142.6
5903,2357,92,2,326.69
5904,2357,48,1,232.13
5905,2357,60,1,266.91
5906,2357,54,1,257.22
5907,2358,38,2,192.83
5908,2359,84,2,384.09
5909,2359,10,3,352.16
5910,2359,38,2,192.83
5911,2359,66,3,220.21
5912,2360,9,2,103.42
5913,2360,43,1,137.53
5914,2360,40,3,343.88
5915,2360,22,1,44.01
5916,2361,8,1,303.0
5917,2361,66,1,220.21
5918,2361,81,3,439.61
5919,2362,43,3,137.53
5920,2362,59,2,193.9
5921,2362,80,2,123.53
5922,2362,37,2,126.18
5923,2363,57,2,397.08
5924,2364,86,3,86.74
5925,2365,20,2,366.22
5926,2366,94,3,64.9
5927,2366,82,2,47.4
5928,2366,19,1,303.84
5929,2366,98,1,40.14
5930,2367,51,1,374.77
5931,2367,6,1,20.73
5932,2367,39,1,345.64
5933,2368,73,1,306.44
5934,2368,54,1,257.22
5935,2368,55,3,379.11
5936,2368,73,2,306.44
5937,2369,21,1,66.79
5938,2370,29,2,433.91
5939,2371,15,1,142.55
5940,2371,86,2,86.74
5941,2371,44,3,457.0
5942,2371,94,2,64.9
5943,2372,74,3,190.09
5944,2372,71,3,435.91
5945,2372,43,3,137.53
5946,2373,86,3,86.74
5947,2373,92,3,326.69
5948,2374,29,1,433.91
5949,2374,56,2,80.66
5950,2375,64,3,376.68
5951,2375,52,1,449.42
5952,2375,76,2,459.65
5953,2376,19,3,303.84
5954,2377,32,2,188.24
5955,2377,20,1,366.22
5956,2378,53,3,184.19
5957,2378,52,2,449.42
5958,2378,73,2,306.44
5959,2379,80,2,123.53
5960,2379,85,1,331.58
5961,2380,56,2,80.66
5962,2381,61,1,431.09
5963,2381,43,2,137.53
5964,2381,16,2,478.82
5965,2381,31,2,417.88
5966,2382,76,1,459.65
5967,2382,52,2,449.42
5968,2382,31,2,417.88
5969,2382,32,3,188.24
5970,2383,77,2,165.46
5971,2383,76,2,459.65
5972,2384,11,3,114.12
5973,2385,64,1,376.68
5974,2385,90,3,104.57
5975,2385,20,1,366.22
5976,2385,1,2,60.11
5977,2386,47,3,200.84
5978,2386,88,3,482.36
5979,2386,46,3,110.25
5980,2387,40,2,343.88
5981,2387,13,1,380.61
5982,2388,79,1,439.97
5983,2389,51,2,374.77
5984,2389,14,2,350.58
5985,2390,79,2,439.97
5986,2391,21,3,66.79
5987,2391,100,3,453.18
5988,2391,66,1,220.21
5989,2392,5,2,48.03
5990,2392,44,3,457.0
5991,2392,21,3,66.79
5992,2393,66,2,220.21
5993,2393,38,3,192.83
5994,2393,91,2,202.5
5995,2394,40,3,343.88
5996,2394,42,1,403.5
5997,2395,5,1,48.03
5998,2395,8,3,303.0
5999,2396,58,1,300.22
6000,2397,99,2,34.14
6001,2397,89,2,378.86
6002,2397,75,1,271.99
6003,2398,16,3,478.82
6004,2398,86,3,86.74
6005,2398,71,3,435.91
6006,2398,76,2,459.65
6007,2399,84,1,384.09
6008,2399,47,1,200.84
6009,2399,51,1,374.77
6010,2399,45,1,438.8
6011,2400,50,1,282.88
6012,2400,64,2,376.68
6013,2400,85,2,331.58
6014,2401,58,1,300.22
6015,2401,42,3,403.5
6016,2401,91,2,202.5
6017,2402,1,1,60.11
6018,2402,33,2,336.74
6019,2403,19,1,303.84
6020,2403,18,1,52.87
6021,2403,66,3,220.21
6022,2404,93,1,450.31
6023,2404,54,1,257.22
6024,2405,92,2,326.69
6025,2405,79,2,439.97
6026,2405,44,1,457.0
6027,2406,28,1,492.68
6028,2406,43,3,137.53
6029,2407,68,2,438.55
6030,2407,68,3,438.55
6031,2407,79,3,439.97
6032,2408,59,3,193.9
6033,2409,6,2,20.73
6034,2409,43,1,137.53
6035,2409,53,3,184.19
6036,2409,81,1,439.61
6037,2410,60,3,266.91
6038,2410,74,1,190.09
6039,2410,41,3,118.38
6040,2410,29,2,433.91
6041,2411,30,3,142.6
6042,2412,34,1,468.64
6043,2412,68,1,438.55
6044,2412,6,1,20.73
6045,2412,58,1,300.22
6046,2413,10,2,352.16
6047,2414,3,3,74.07
6048,2414,94,3,64.9
6049,2414,40,3,343.88
6050,2414,85,1,331.58
6051,2415,69,3,486.08
6052,2415,71,2,435.91
6053,2416,50,3,282.88
6054,2416,93,2,450.31
6055,2417,2,3,141.14
6056,2417,55,1,379.11
6057,2418,3,1,74.07
6058,2418,17,3,55.59
6059,2418,94,2,64.9
6060,2418,22,3,44.01
6061,2419,21,2,66.79
6062,2419,27,3,117.81
6063,2419,21,2,66.79
6064,2419,13,2,380.61
6065,2420,10,1,352.16
6066,2421,31,1,417.88
6067,2422,23,1,415.56
6068,2422,98,2,40.14
6069,2422,44,1,457.0
6070,2423,66,1,220.21
6071,2423,62,3,341.74
6072,2423,79,2,439.97
6073,2423,11,2,114.12
6074,2424,50,1,282.88
6075,2424,70,2,256.3
6076,2425,9,1,103.42
6077,2426,62,3,341.74
6078,2426,45,1,438.8
6079,2427,14,3,350.58
6080,2427,100,2,453.18
6081,2427,28,1,492.68
6082,2427,25,3,290.79
6083,2428,96,1,296.21
6084,2429,72,2,421.63
6085,2429,50,2,282.88
6086,2429,83,2,408.93
6087,2429,26,1,39.43
6088,2430,74,2,190.09
6089,2431,84,2,384.09
6090,2431,54,3,257.22
6091,2431,1,2,60.11
6092,2432,13,3,380.61
6093,2432,67,3,6.61
6094,2433,61,2,431.09
6095,2433,71,3,435.91
6096,2434,80,1,123.53
6097,2435,32,2,188.24
6098,2435,69,2,486.08
6099,2435,38,1,192.83
6100,2436,86,1,86.74
6101,2436,90,2,104.57
6102,2436,49,1,74.12
6103,2437,10,3,352.16
6104,2437,47,1,200.84
6105,2437,64,2,376.68
6106,2437,95,2,36.69
6107,2438,42,1,403.5
6108,2438,92,1,326.69
6109,2438,18,3,52.87
6110,2439,47,1,200.84
6111,2440,41,1,118.38
6112,2440,24,3,443.3
6113,2440,28,3,492.68
6114,2441,36,2,89.71
6115,2442,92,3,326.69
6116,2443,71,3,435.91
6117,2443,39,1,345.64
6118,2443,52,1,449.42
6119,2444,12,3,142.7
6120,2444,43,2,137.53
6121,2444,95,1,36.69
6122,2444,18,1,52.87
6123,2445,14,2,350.58
6124,2446,52,3,449.42
6125,2446,14,2,350.58
6126,2446,21,3,66.79
6127,2447,11,2,114.12
6128,2447,22,1,44.01
6129,2448,81,1,439.61
6130,2449,22,3,44.01
6131,2449,88,3,482.36
6132,2450,88,3,482.36
6133,2451,64,3,376.68
6134,2451,31,1,417.88
6135,2452,25,3,290.79
6136,2452,38,2,192.83
6137,2452,18,2,52.87
6138,2452,76,2,459.65
6139,2453,32,3,188.24
6140,2453,16,3,478.82
6141,2453,54,2,257.22
6142,2454,15,2,142.55
6143,2455,89,1,378.86
6144,2455,74,1,190.09
6145,2455,83,3,408.93
6146,2456,17,3,55.59
6147,2456,6,1,20.73
6148,2457,88,2,482.36
6149,2458,15,3,142.55
6150,2458,1,3,60.11
6151,2458,27,3,117.81
6152,2459,53,1,184.19
6153,2460,19,3,303.84
6154,2460,83,1,408.93
6155,2461,49,3,74.12
6156,2461,67,3,6.61
6157,2461,36,2,89.71
6158,2461,85,1,331.58
6159,2462,50,2,282.88
6160,2462,25,3,290.79
6161,2463,63,2,342.45
6162,2463,36,2,89.71
6163,2464,60,1,266.91
6164,2464,8,1,303.0
6165,2464,96,2,296.21
6166,2464,68,2,438.55
6167,2465,19,2,303.84
6168,2465,36,1,89.71
6169,2465,55,1,379.11
6170,2466,76,2,459.65
6171,2467,58,1,300.22
6172,2467,89,2,378.86
6173,2468,35,1,40.34
6174,2468,62,1,341.74
6175,2468,57,1,397.08
6176,2468,3,1,74.07
6177,2469,71,3,435.91
6178,2469,83,1,408.93
6179,2470,67,2,6.61
6180,2470,89,1,378.86
6181,2470,35,3,40.34
6182,2471,3,1,74.07
6183,2471,73,1,306.44
6184,2471,31,2,417.88
6185,2471,33,1,336.74
6186,2472,81,2,439.61
6187,2472,68,1,438.55
6188,2473,99,3,34.14
6189,2473,99,3,34.14
6190,2473,54,3,257.22
6191,2474,24,1,443.3
6192,2474,94,2,64.9
6193,2475,90,2,104.57
6194,2475,76,1,459.65
6195,2475,81,2,439.61
6196,2476,13,2,380.61
6197,2476,61,3,431.09
6198,2476,26,1,39.43
6199,2477,46,2,110.25
6200,2477,98,1,40.14
6201,2477,69,2,486.08
6202,2478,89,1,378.86
6203,2479,30,2,142.6
6204,2479,6,1,20.73
6205,2480,14,3,350.58
6206,2481,29,3,433.91
6207,2481,28,1,492.68
6208,2482,2,3,141.14
6209,2482,53,1,184.19
6210,2482,36,3,89.71
6211,2483,12,2,142.7
6212,2483,31,3,417.88
6213,2484,77,3,165.46
6214,2484,96,3,296.21
6215,2484,98,1,40.14
6216,2485,70,1,256.3
6217,2485,85,3,331.58
6218,2485,94,1,64.9
6219,2486,53,2,184.19
6220,2486,13,1,380.61
6221,2487,1,2,60.11
6222,2487,90,2,104.57
6223,2487,46,2,110.25
6224,2488,95,1,36.69
6225,2489,25,1,290.79
6226,2489,21,1,66.79
6227,2489,95,1,36.69
6228,2490,26,1,39.43
6229,2490,38,2,192.83
6230,2491,80,1,123.53
6231,2491,5,1,48.03
6232,2492,47,3,200.84
6233,2492,97,2,296.28
6234,2493,89,1,378.86
6235,2493,21,2,66.79
6236,2494,5,3,48.03
6237,2494,23,3,415.56
6238,2494,54,1,257.22
6239,2495,10,1,352.16
6240,2495,54,1,257.22
6241,2496,35,3,40.34
6242,2496,67,3,6.61
6243,2497,58,1,300.22
6244,2497,77,3,165.46
6245,2497,85,3,331.58
6246,2498,23,3,415.56
6247,2498,57,2,397.08
6248,2498,41,2,118.38
6249,2498,78,1,60.37
6250,2499,26,2,39.43
6251,2500,12,3,142.7
6252,2500,15,3,142.55
6253,2500,17,1,55.59
6254,2500,30,3,142.6
6255,2501,72,2,421.63
6256,2502,7,3,113.23
6257,2502,24,3,443.3
6258,2503,31,1,417.88
6259,2503,66,3,220.21
6260,2504,69,3,486.08
6261,2504,11,2,114.12
6262,2505,34,2,468.64
6263,2505,71,1,435.91
6264,2505,23,1,415.56
6265,2506,18,1,52.87
6266,2506,90,3,104.57
6267,2507,10,2,352.16
6268,2507,93,3,450.31
6269,2507,70,1,256.3
6270,2507,95,2,36.69
6271,2508,44,1,457.0
6272,2508,5,1,48.03
6273,2508,100,1,453.18
6274,2509,93,1,450.31
6275,2510,11,3,114.12
6276,2511,57,3,397.08
6277,2512,93,1,450.31
6278,2513,65,3,173.39
6279,2514,21,1,66.79
6280,2514,70,1,256.3
6281,2514,77,3,165.46
6282,2515,63,3,342.45
6283,2515,99,1,34.14
6284,2515,20,1,366.22
6285,2516,41,2,118.38
6286,2517,60,1,266.91
6287,2517,6,3,20.73
6288,2517,7,1,113.23
6289,2517,85,2,331.58
6290,2518,82,2,47.4
6291,2518,12,2,142.7
6292,2518,93,3,450.31
6293,2519,49,3,74.12
6294,2519,16,1,478.82
6295,2519,53,1,184.19
6296,2519,35,3,40.34
6297,2520,85,1,331.58
6298,2520,47,2,200.84
6299,2520,22,3,44.01
6300,2521,81,2,439.61
6301,2522,53,3,184.19
6302,2522,79,3,439.97
6303,2523,99,3,34.14
6304,2524,17,1,55.59
6305,2524,8,2,303.0
6306,2525,51,2,374.77
6307,2526,34,3,468.64
6308,2527,71,2,435.91
6309,2527,64,1,376.68
6310,2528,68,3,438.55
6311,2528,9,2,103.42
6312,2529,19,3,303.84
6313,2530,93,1,450.31
6314,2530,67,3,6.61
6315,2530,83,3,408.93
6316,2531,39,1,345.64
6317,2531,3,1,74.07
6318,2531,54,3,257.22
6319,2531,17,2,55.59
6320,2532,28,1,492.68
6321,2532,40,2,343.88
6322,2532,11,2,114.12
6323,2532,6,2,20.73
6324,2533,21,2,66.79
6325,2533,97,2,296.28
6326,2533,97,2,296.28
6327,2533,6,1,20.73
6328,2534,44,3,457.0
6329,2534,88,1,482.36
6330,2534,38,1,192.83
6331,2535,86,1,86.74
6332,2536,36,2,89.71
6333,2536,66,3,220.21
6334,2536,68,3,438.55
6335,2536,3,1,74.07
6336,2537,72,3,421.63
6337,2537,65,3,173.39
6338,2538,43,3,137.53
6339,2538,18,2,52.87
6340,2538,79,3,439.97
6341,2539,5,2,48.03
6342,2539,88,3,482.36
6343,2539,8,2,303.0
6344,2540,27,2,117.81
6345,2540,25,3,290.79
6346,2541,51,3,374.77
6347,2542,12,1,142.7
6348,2543,93,1,450.31
6349,2543,70,1,256.3
6350,2543,78,1,60.37
6351,2543,31,3,417.88
6352,2544,64,1,376.68
6353,2544,18,2,52.87
6354,2545,6,2,20.73
6355,2545,5,3,48.03
6356,2546,98,2,40.14
6357,2546,50,1,282.88
6358,2546,60,3,266.91
6359,2546,53,3,184.19
6360,2547,2,1,141.14
6361,2548,76,1,459.65
6362,2549,71,1,435.91
6363,2550,32,3,188.24
6364,2551,34,3,468.64
6365,2551,37,3,126.18
6366,2551,16,3,478.82
6367,2551,54,1,257.22
6368,2552,51,2,374.77
6369,2552,79,2,439.97
6370,2553,40,3,343.88
6371,2554,14,3,350.58
6372,2554,38,1,192.83
6373,2554,30,2,142.6
6374,2555,76,1,459.65
6375,2556,22,3,44.01
6376,2556,21,1,66.79
6377,2557,10,1,352.16
6378,2557,58,2,300.22
6379,2558,12,2,142.7
6380,2559,17,3,55.59
6381,2559,69,2,486.08
6382,2559,96,1,296.21
6383,2560,100,2,453.18
6384,2561,55,2,379.11
6385,2561,96,1,296.21
6386,2561,67,3,6.61
6387,2561,13,1,380.61
6388,2562,6,1,20.73
6389,2563,47,2,200.84
6390,2563,51,3,374.77
6391,2564,50,1,282.88
6392,2565,96,1,296.21
6393,2565,13,1,380.61
6394,2565,99,1,34.14
6395,2566,7,2,113.23
6396,2566,66,3,220.21
6397,2566,24,2,443.3
6398,2567,55,3,379.11
6399,2567,83,1,408.93
6400,2567,80,1,123.53
6401,2567,68,2,438.55
6402,2568,15,1,142.55
6403,2569,68,2,438.55
6404,2570,31,2,417.88
6405,2570,86,3,86.74
6406,2570,95,3,36.69
6407,2571,30,3,142.6
6408,2571,48,3,232.13
6409,2572,86,2,86.74
6410,2573,78,1,60.37
6411,2574,38,2,192.83
6412,2575,92,2,326.69
6413,2576,52,3,449.42
6414,2576,91,3,202.5
6415,2577,99,3,34.14
6416,2577,74,2,190.09
6417,2577,100,3,453.18
6418,2577,38,3,192.83
6419,2578,12,3,142.7
6420,2578,38,1,192.83
6421,2578,69,2,486.08
6422,2578,75,2,271.99
6423,2579,19,2,303.84
6424,2579,73,1,306.44
6425,2580,73,3,306.44
6426,2580,25,1,290.79
6427,2580,25,1,290.79
6428,2581,38,1,192.83
6429,2581,100,2,453.18
6430,2582,53,3,184.19
6431,2583,20,2,366.22
6432,2583,82,1,47.4
6433,2583,59,2,193.9
6434,2583,4,3,339.97
6435,2584,40,3,343.88
6436,2584,93,1,450.31
6437,2585,86,3,86.74
6438,2585,78,2,60.37
6439,2585,84,1,384.09
6440,2586,85,3,331.58
6441,2586,97,1,296.28
6442,2587,1,2,60.11
6443,2587,53,3,184.19
6444,2587,16,1,478.82
6445,2588,44,1,457.0
6446,2588,71,1,435.91
6447,2588,52,3,449.42
6448,2588,98,2,40.14
6449,2589,85,2,331.58
6450,2589,12,3,142.7
6451,2589,49,3,74.12
6452,2589,49,2,74.12
6453,2590,2,3,141.14
6454,2590,62,2,341.74
6455,2591,99,1,34.14
6456,2591,68,2,438.55
6457,2592,33,1,336.74
6458,2593,31,3,417.88
6459,2593,99,2,34.14
6460,2594,4,1,339.97
6461,2595,1,3,60.11
6462,2596,50,1,282.88
6463,2596,8,1,303.0
6464,2596,98,2,40.14
6465,2596,65,1,173.39
6466,2597,79,2,439.97
6467,2597,4,1,339.97
6468,2598,79,3,439.97
6469,2599,95,2,36.69
6470,2600,81,3,439.61
6471,2600,26,3,39.43
6472,2601,81,1,439.61
6473,2601,7,3,113.23
6474,2601,48,1,232.13
6475,2601,82,2,47.4
6476,2602,57,2,397.08
6477,2602,77,2,165.46
6478,2602,51,1,374.77
6479,2602,8,3,303.0
6480,2603,93,2,450.31
6481,2603,98,2,40.14
6482,2604,45,1,438.8
6483,2604,72,1,421.63
6484,2605,50,1,282.88
6485,2605,21,3,66.79
6486,2605,90,3,104.57
6487,2605,9,2,103.42
6488,2606,9,1,103.42
6489,2606,26,1,39.43
6490,2606,59,1,193.9
6491,2607,46,3,110.25
6492,2607,22,1,44.01
6493,2607,45,2,438.8
6494,2608,60,1,266.91
6495,2609,87,1,436.85
6496,2609,11,3,114.12
6497,2610,29,2,433.91
6498,2611,17,2,55.59
6499,2611,64,3,376.68
6500,2611,74,2,190.09
6501,2612,58,1,300.22
6502,2612,86,3,86.74
6503,2613,93,1,450.31
6504,2614,19,2,303.84
6505,2615,56,2,80.66
6506,2616,58,1,300.22
6507,2616,88,2,482.36
6508,2617,69,1,486.08
6509,2617,19,2,303.84
6510,2617,95,2,36.69
6511,2617,86,3,86.74
6512,2618,2,1,141.14
6513,2619,76,3,459.65
6514,2619,24,1,443.3
6515,2619,81,1,439.61
6516,2619,34,3,468.64
6517,2620,74,3,190.09
6518,2620,44,3,457.0
6519,2621,30,2,142.6
6520,2621,30,3,142.6
6521,2621,32,1,188.24
6522,2621,66,1,220.21
6523,2622,53,1,184.19
6524,2622,44,1,457.0
6525,2622,74,2,190.09
6526,2623,90,3,104.57
6527,2623,70,3,256.3
6528,2623,82,2,47.4
6529,2623,52,3,449.42
6530,2624,62,3,341.74
6531,2624,8,2,303.0
6532,2624,64,1,376.68
6533,2624,52,3,449.42
6534,2625,47,1,200.84
6535,2626,85,1,331.58
6536,2627,42,3,403.5
6537,2627,21,1,66.79
6538,2627,51,3,374.77
6539,2628,100,2,453.18
6540,2629,88,2,482.36
6541,2630,67,3,6.61
6542,2631,74,1,190.09
6543,2632,97,3,296.28
6544,2632,6,3,20.73
6545,2632,76,3,459.65
6546,2632,99,3,34.14
6547,2633,70,1,256.3
6548,2633,21,1,66.79
6549,2633,5,2,48.03
6550,2634,85,3,331.58
6551,2634,56,3,80.66
6552,2635,65,2,173.39
6553,2635,83,1,408.93
6554,2635,39,3,345.64
6555,2636,83,1,408.93
6556,2637,97,1,296.28
6557,2637,89,3,378.86
6558,2637,57,1,397.08
6559,2637,46,1,110.25
6560,2638,58,2,300.22
6561,2638,62,1,341.74
6562,2638,70,3,256.3
6563,2638,24,1,443.3
6564,2639,49,1,74.12
6565,2639,79,1,439.97
6566,2639,93,3,450.31
6567,2640,79,3,439.97
6568,2640,64,2,376.68
6569,2640,70,1,256.3
6570,2640,80,3,123.53
6571,2641,92,1,326.69
6572,2641,17,2,55.59
6573,2641,67,3,6.61
6574,2641,26,2,39.43
6575,2642,88,3,482.36
6576,2642,1,2,60.11
6577,2642,83,1,408.93
6578,2643,48,1,232.13
6579,2643,90,2,104.57
6580,2644,97,2,296.28
6581,2644,49,3,74.12
6582,2644,80,2,123.53
6583,2645,4,3,339.97
6584,2646,100,3,453.18
6585,2646,44,2,457.0
6586,2647,59,3,193.9
6587,2647,51,1,374.77
6588,2647,18,2,52.87
6589,2647,79,2,439.97
6590,2648,88,3,482.36
6591,2648,95,3,36.69
6592,2649,29,1,433.91
6593,2649,70,3,256.3
6594,2649,14,2,350.58
6595,2649,52,1,449.42
6596,2650,24,3,443.3
6597,2650,98,2,40.14
6598,2650,93,2,450.31
6599,2651,50,1,282.88
6600,2651,74,1,190.09
6601,2651,52,3,449.42
6602,2652,44,3,457.0
6603,2652,78,3,60.37
6604,2653,72,3,421.63
6605,2654,83,2,408.93
6606,2655,72,2,421.63
6607,2655,3,3,74.07
6608,2655,42,2,403.5
6609,2655,99,3,34.14
6610,2656,1,1,60.11
6611,2656,40,3,343.88
6612,2657,15,2,142.55
6613,2658,26,3,39.43
6614,2659,35,1,40.34
6615,2659,12,2,142.7
6616,2660,42,2,403.5
6617,2661,26,1,39.43
6618,2661,28,3,492.68
6619,2661,23,2,415.56
6620,2662,61,3,431.09
6621,2662,68,1,438.55
6622,2662,31,2,417.88
6623,2662,58,2,300.22
6624,2663,20,3,366.22
6625,2663,83,1,408.93
6626,2663,37,1,126.18
6627,2664,59,2,193.9
6628,2664,79,3,439.97
6629,2665,72,1,421.63
6630,2665,78,3,60.37
6631,2665,17,2,55.59
6632,2665,1,2,60.11
6633,2666,52,1,449.42
6634,2666,18,2,52.87
6635,2666,72,2,421.63
6636,2667,99,3,34.14
6637,2667,65,2,173.39
6638,2667,97,2,296.28
6639,2668,22,1,44.01
6640,2668,64,3,376.68
6641,2668,44,3,457.0
6642,2669,70,3,256.3
6643,2669,44,3,457.0
6644,2669,76,2,459.65
6645,2670,92,3,326.69
6646,2670,37,1,126.18
6647,2670,65,1,173.39
6648,2671,11,3,114.12
6649,2672,18,1,52.87
6650,2673,40,2,343.88
6651,2673,82,1,47.4
6652,2674,10,1,352.16
6653,2674,17,3,55.59
6654,2675,42,2,403.5
6655,2676,44,2,457.0
6656,2676,5,3,48.03
6657,2676,27,3,117.81
6658,2677,88,1,482.36
6659,2677,37,2,126.18
6660,2678,50,3,282.88
6661,2678,80,3,123.53
6662,2678,63,1,342.45
6663,2678,64,3,376.68
6664,2679,82,2,47.4
6665,2679,93,2,450.31
6666,2679,83,2,408.93
6667,2679,20,3,366.22
6668,2680,48,2,232.13
6669,2680,27,1,117.81
6670,2681,91,3,202.5
6671,2681,14,3,350.58
6672,2682,17,1,55.59
6673,2683,81,2,439.61
6674,2684,95,1,36.69
6675,2684,12,3,142.7
6676,2684,32,2,188.24
6677,2684,34,2,468.64
6678,2685,45,1,438.8
6679,2685,69,1,486.08
6680,2685,99,2,34.14
6681,2685,52,3,449.42
6682,2686,23,1,415.56
6683,2686,45,2,438.8
6684,2686,60,2,266.91
6685,2686,34,3,468.64
6686,2687,62,1,341.74
6687,2687,49,1,74.12
6688,2687,74,1,190.09
6689,2688,66,3,220.21
6690,2689,94,1,64.9
6691,2689,51,1,374.77
6692,2690,16,3,478.82
6693,2690,61,1,431.09
6694,2690,9,2,103.42
6695,2690,88,1,482.36
6696,2691,73,3,306.44
6697,2691,75,1,271.99
6698,2692,42,1,403.5
6699,2693,95,2,36.69
6700,2693,22,1,44.01
6701,2694,85,3,331.58
6702,2694,10,3,352.16
6703,2694,39,1,345.64
6704,2695,22,2,44.01
6705,2695,84,2,384.09
6706,2696,41,3,118.38
6707,2696,40,2,343.88
6708,2697,95,3,36.69
6709,2697,64,1,376.68
6710,2697,21,2,66.79
6711,2697,38,1,192.83
6712,2698,34,2,468.64
6713,2698,74,2,190.09
6714,2698,79,3,439.97
6715,2699,78,3,60.37
6716,2699,57,1,397.08
6717,2699,24,3,443.3
6718,2699,23,2,415.56
6719,2700,32,3,188.24
6720,2700,77,2,165.46
6721,2700,98,3,40.14
6722,2701,28,2,492.68
6723,2702,18,3,52.87
6724,2702,72,3,421.63
6725,2702,32,1,188.24
6726,2703,18,2,52.87
6727,2704,71,1,435.91
6728,2705,34,3,468.64
6729,2706,67,3,6.61
6730,2706,65,3,173.39
6731,2706,57,2,397.08
6732,2706,88,1,482.36
6733,2707,86,3,86.74
6734,2707,46,1,110.25
6735,2707,31,3,417.88
6736,2708,97,1,296.28
6737,2709,31,2,417.88
6738,2709,83,1,408.93
6739,2709,74,3,190.09
6740,2710,45,1,438.8
6741,2711,3,1,74.07
6742,2712,85,1,331.58
6743,2712,12,2,142.7
6744,2712,26,2,39.43
6745,2713,8,3,303.0
6746,2713,26,1,39.43
6747,2714,11,1,114.12
6748,2714,88,3,482.36
6749,2714,64,1,376.68
6750,2714,78,1,60.37
6751,2715,94,1,64.9
6752,2715,15,1,142.55
6753,2716,53,2,184.19
6754,2716,97,3,296.28
6755,2716,18,1,52.87
6756,2716,15,3,142.55
6757,2717,15,1,142.55
6758,2718,24,1,443.3
6759,2718,16,3,478.82
6760,2719,93,2,450.31
6761,2719,85,3,331.58
6762,2720,32,1,188.24
6763,2720,80,3,123.53
6764,2720,94,1,64.9
6765,2720,5,2,48.03
6766,2721,44,1,457.0
6767,2721,69,1,486.08
6768,2721,85,1,331.58
6769,2721,59,3,193.9
6770,2722,100,3,453.18
6771,2722,14,1,350.58
6772,2722,98,2,40.14
6773,2723,3,3,74.07
6774,2723,88,2,482.36
6775,2723,81,3,439.61
6776,2724,74,3,190.09
6777,2725,77,2,165.46
6778,2725,49,1,74.12
6779,2726,90,2,104.57
6780,2726,45,3,438.8
6781,2727,95,3,36.69
6782,2728,92,3,326.69
6783,2728,73,3,306.44
6784,2729,3,1,74.07
6785,2729,30,2,142.6
6786,2729,16,1,478.82
6787,2729,36,1,89.71
6788,2730,70,2,256.3
6789,2730,50,2,282.88
6790,2730,98,1,40.14
6791,2731,10,3,352.16
6792,2731,100,1,453.18
6793,2731,4,1,339.97
6794,2732,16,2,478.82
6795,2732,79,1,439.97
6796,2732,62,1,341.74
6797,2732,72,2,421.63
6798,2733,57,3,397.08
6799,2734,55,3,379.11
6800,2734,3,2,74.07
6801,2734,30,1,142.6
6802,2734,17,2,55.59
6803,2735,44,2,457.0
6804,2736,88,3,482.36
6805,2736,83,1,408.93
6806,2737,5,1,48.03
6807,2737,8,1,303.0
6808,2737,3,3,74.07
6809,2738,64,3,376.68
6810,2738,99,3,34.14
6811,2738,58,2,300.22
6812,2738,55,2,379.11
6813,2739,76,3,459.65
6814,2739,100,2,453.18
6815,2739,48,2,232.13
6816,2739,55,1,379.11
6817,2740,14,1,350.58
6818,2740,33,2,336.74
6819,2740,56,1,80.66
6820,2740,15,1,142.55
6821,2741,66,1,220.21
6822,2742,71,1,435.91
6823,2742,13,2,380.61
6824,2742,52,2,449.42
6825,2742,98,1,40.14
6826,2743,70,1,256.3
6827,2744,58,1,300.22
6828,2744,19,3,303.84
6829,2744,4,3,339.97
6830,2745,60,1,266.91
6831,2746,58,1,300.22
6832,2746,32,1,188.24
6833,2746,60,3,266.91
6834,2746,30,2,142.6
6835,2747,47,3,200.84
6836,2747,36,2,89.71
6837,2747,39,1,345.64
6838,2748,91,1,202.5
6839,2749,24,2,443.3
6840,2749,69,3,486.08
6841,2749,87,2,436.85
6842,2749,58,2,300.22
6843,2750,64,1,376.68
6844,2750,27,1,117.81
6845,2750,72,1,421.63
6846,2751,78,2,60.37
6847,2751,21,2,66.79
6848,2752,51,2,374.77
6849,2752,20,1,366.22
6850,2752,46,3,110.25
6851,2752,9,3,103.42
6852,2753,3,1,74.07
6853,2753,8,2,303.0
6854,2753,52,2,449.42
6855,2753,55,1,379.11
6856,2754,97,1,296.28
6857,2755,76,2,459.65
6858,2755,86,2,86.74
6859,2755,16,2,478.82
6860,2755,5,1,48.03
6861,2756,70,3,256.3
6862,2756,9,3,103.42
6863,2757,74,1,190.09
6864,2757,41,1,118.38
6865,2757,86,3,86.74
6866,2758,6,2,20.73
6867,2758,79,3,439.97
6868,2759,83,3,408.93
6869,2759,64,2,376.68
6870,2759,78,3,60.37
6871,2760,26,2,39.43
6872,2761,54,2,257.22
6873,2762,14,2,350.58
6874,2762,49,1,74.12
6875,2762,20,1,366.22
6876,2763,63,2,342.45
6877,2764,23,2,415.56
6878,2764,56,1,80.66
6879,2765,75,3,271.99
6880,2765,15,3,142.55
6881,2765,58,1,300.22
6882,2766,22,2,44.01
6883,2766,85,1,331.58
6884,2766,4,1,339.97
6885,2767,70,1,256.3
6886,2767,14,1,350.58
6887,2767,53,1,184.19
6888,2767,21,3,66.79
6889,2768,13,3,380.61
6890,2768,11,1,114.12
6891,2768,48,3,232.13
6892,2769,19,1,303.84
6893,2769,11,2,114.12
6894,2769,3,3,74.07
6895,2769,69,3,486.08
6896,2770,85,3,331.58
6897,2770,4,1,339.97
6898,2770,70,2,256.3
6899,2771,21,1,66.79
6900,2771,58,2,300.22
6901,2772,74,2,190.09
6902,2772,65,2,173.39
6903,2773,8,1,303.0
6904,2773,34,3,468.64
6905,2774,61,3,431.09
6906,2774,12,1,142.7
6907,2774,25,2,290.79
6908,2775,12,3,142.7
6909,2775,86,1,86.74
6910,2775,21,3,66.79
6911,2775,64,3,376.68
6912,2776,77,3,165.46
6913,2776,55,3,379.11
6914,2777,93,2,450.31
6915,2777,75,3,271.99
6916,2777,62,3,341.74
6917,2777,82,1,47.4
6918,2778,30,3,142.6
6919,2778,16,2,478.82
6920,2778,12,3,142.7
6921,2779,6,2,20.73
6922,2779,71,3,435.91
6923,2779,32,1,188.24
6924,2779,63,2,342.45
6925,2780,43,3,137.53
6926,2780,49,2,74.12
6927,2781,75,3,271.99
6928,2781,86,3,86.74
6929,2781,51,1,374.77
6930,2781,38,3,192.83
6931,2782,90,3,104.57
6932,2782,37,3,126.18
6933,2782,49,2,74.12
6934,2782,70,1,256.3
6935,2783,4,2,339.97
6936,2783,58,3,300.22
6937,2783,40,1,343.88
6938,2783,9,2,103.42
6939,2784,14,2,350.58
6940,2784,19,1,303.84
6941,2784,46,3,110.25
6942,2785,36,3,89.71
6943,2785,70,1,256.3
6944,2785,1,3,60.11
6945,2785,74,1,190.09
6946,2786,79,1,439.97
6947,2786,56,1,80.66
6948,2787,97,3,296.28
6949,2787,57,3,397.08
6950,2788,80,1,123.53
6951,2789,15,3,142.55
6952,2789,97,3,296.28
6953,2790,27,3,117.81
6954,2790,53,1,184.19
6955,2791,1,2,60.11
6956,2791,24,1,443.3
6957,2791,6,2,20.73
6958,2791,42,3,403.5
6959,2792,100,3,453.18
6960,2792,3,1,74.07
6961,2792,47,2,200.84
6962,2793,34,1,468.64
6963,2793,79,1,439.97
6964,2794,25,3,290.79
6965,2795,52,1,449.42
6966,2795,61,3,431.09
6967,2795,62,3,341.74
6968,2795,9,3,103.42
6969,2796,70,3,256.3
6970,2797,52,2,449.42
6971,2798,35,1,40.34
6972,2799,29,2,433.91
6973,2800,81,2,439.61
6974,2800,34,3,468.64
6975,2800,55,3,379.11
6976,2800,85,3,331.58
6977,2801,90,3,104.57
6978,2801,51,3,374.77
6979,2802,65,2,173.39
6980,2802,73,2,306.44
6981,2802,89,1,378.86
6982,2803,41,3,118.38
6983,2803,7,1,113.23
6984,2803,16,3,478.82
6985,2804,8,3,303.0
6986,2804,100,2,453.18
6987,2805,89,1,378.86
6988,2805,45,1,438.8
6989,2805,10,2,352.16
6990,2805,11,2,114.12
6991,2806,77,3,165.46
6992,2806,97,3,296.28
6993,2807,41,1,118.38
6994,2807,53,3,184.19
6995,2807,83,1,408.93
6996,2807,13,3,380.61
6997,2808,77,1,165.46
6998,2808,49,2,74.12
6999,2808,1,1,60.11
7000,2809,18,2,52.87
7001,2809,68,3,438.55
7002,2809,33,1,336.74
7003,2810,49,3,74.12
7004,2810,36,3,89.71
7005,2810,72,3,421.63
7006,2810,56,2,80.66
7007,2811,56,2,80.66
7008,2811,21,1,66.79
7009,2811,40,2,343.88
7010,2812,97,2,296.28
7011,2812,44,3,457.0
7012,2812,4,3,339.97
7013,2812,58,2,300.22
7014,2813,25,3,290.79
7015,2813,78,1,60.37
7016,2814,34,2,468.64
7017,2814,49,1,74.12
7018,2814,82,1,47.4
7019,2815,7,1,113.23
7020,2815,51,3,374.77
7021,2815,43,3,137.53
7022,2816,2,3,141.14
7023,2817,24,1,443.3
7024,2817,23,1,415.56
7025,2818,55,2,379.11
7026,2818,89,3,378.86
7027,2818,61,2,431.09
7028,2818,52,1,449.42
7029,2819,50,1,282.88
7030,2820,91,1,202.5
7031,2820,12,2,142.7
7032,2820,65,2,173.39
7033,2821,8,1,303.0
7034,2821,98,3,40.14
7035,2821,2,1,141.14
7036,2821,61,3,431.09
7037,2822,92,2,326.69
7038,2822,72,1,421.63
7039,2822,26,1,39.43
7040,2822,23,3,415.56
7041,2823,57,1,397.08
7042,2823,35,2,40.34
7043,2823,18,3,52.87
7044,2824,82,2,47.4
7045,2824,10,1,352.16
7046,2825,7,1,113.23
7047,2825,68,2,438.55
7048,2826,44,1,457.0
7049,2826,56,2,80.66
7050,2826,90,3,104.57
7051,2826,94,2,64.9
7052,2827,60,3,266.91
7053,2828,48,2,232.13
7054,2828,66,1,220.21
7055,2829,65,2,173.39
7056,2829,33,2,336.74
7057,2830,7,1,113.23
7058,2830,87,2,436.85
7059,2830,33,2,336.74
7060,2831,44,3,457.0
7061,2831,19,1,303.84
7062,2831,10,1,352.16
7063,2831,18,1,52.87
7064,2832,37,3,126.18
7065,2832,79,3,439.97
7066,2832,94,2,64.9
7067,2832,88,3,482.36
7068,2833,58,2,300.22
7069,2834,32,3,188.24
7070,2834,38,3,192.83
7071,2835,63,1,342.45
7072,2835,4,1,339.97
7073,2836,88,1,482.36
7074,2836,10,2,352.16
7075,2836,46,3,110.25
7076,2836,2,3,141.14
7077,2837,78,2,60.37
7078,2838,33,2,336.74
7079,2839,50,3,282.88
7080,2840,93,3,450.31
7081,2840,65,1,173.39
7082,2840,35,3,40.34
7083,2841,40,1,343.88
7084,2841,5,3,48.03
7085,2842,66,1,220.21
7086,2843,61,3,431.09
7087,2843,37,3,126.18
7088,2843,9,2,103.42
7089,2843,45,1,438.8
7090,2844,34,2,468.64
7091,2844,55,1,379.11
7092,2844,69,1,486.08
7093,2845,89,1,378.86
7094,2845,61,3,431.09
7095,2845,80,1,123.53
7096,2846,2,3,141.14
7097,2847,31,3,417.88
7098,2847,77,1,165.46
7099,2847,19,3,303.84
7100,2848,69,3,486.08
7101,2848,50,3,282.88
7102,2848,73,3,306.44
7103,2849,98,3,40.14
7104,2849,77,1,165.46
7105,2850,62,3,341.74
7106,2850,90,1,104.57
7107,2850,62,1,341.74
7108,2851,33,2,336.74
7109,2851,30,1,142.6
7110,2852,91,2,202.5
7111,2852,23,2,415.56
7112,2852,17,1,55.59
7113,2852,72,3,421.63
7114,2853,67,1,6.61
7115,2853,31,3,417.88
7116,2854,83,3,408.93
7117,2855,21,3,66.79
7118,2855,27,1,117.81
7119,2855,67,3,6.61
7120,2855,7,3,113.23
7121,2856,22,1,44.01
7122,2856,16,1,478.82
7123,2857,30,1,142.6
7124,2857,1,1,60.11
7125,2858,60,2,266.91
7126,2858,49,1,74.12
7127,2858,6,1,20.73
7128,2858,66,3,220.21
7129,2859,92,2,326.69
7130,2859,16,1,478.82
7131,2859,71,1,435.91
7132,2859,38,1,192.83
7133,2860,37,1,126.18
7134,2861,41,3,118.38
7135,2861,32,3,188.24
7136,2861,11,3,114.12
7137,2862,36,2,89.71
7138,2862,97,3,296.28
7139,2862,83,1,408.93
7140,2862,25,2,290.79
7141,2863,87,1,436.85
7142,2863,5,1,48.03
7143,2863,26,3,39.43
7144,2864,97,2,296.28
7145,2864,24,1,443.3
7146,2864,48,2,232.13
7147,2864,43,3,137.53
7148,2865,43,1,137.53
7149,2866,56,3,80.66
7150,2866,50,2,282.88
7151,2866,35,1,40.34
7152,2866,10,1,352.16
7153,2867,39,1,345.64
7154,2867,91,1,202.5
7155,2867,91,1,202.5
7156,2868,70,2,256.3
7157,2868,13,2,380.61
7158,2868,79,3,439.97
7159,2868,35,3,40.34
7160,2869,48,3,232.13
7161,2870,71,1,435.91
7162,2870,38,3,192.83
7163,2870,19,2,303.84
7164,2870,69,3,486.08
7165,2871,21,2,66.79
7166,2871,78,2,60.37
7167,2871,2,3,141.14
7168,2871,30,3,142.6
7169,2872,61,3,431.09
7170,2873,79,1,439.97
7171,2873,47,1,200.84
7172,2873,48,3,232.13
7173,2873,55,1,379.11
7174,2874,73,2,306.44
7175,2875,17,1,55.59
7176,2875,12,1,142.7
7177,2876,59,3,193.9
7178,2876,67,3,6.61
7179,2876,72,1,421.63
7180,2877,71,1,435.91
7181,2878,18,1,52.87
7182,2878,60,2,266.91
7183,2878,43,3,137.53
7184,2879,59,2,193.9
7185,2880,86,3,86.74
7186,2881,78,1,60.37
7187,2881,10,1,352.16
7188,2881,70,3,256.3
7189,2881,83,3,408.93
7190,2882,18,2,52.87
7191,2882,35,1,40.34
7192,2882,21,1,66.79
7193,2882,78,2,60.37
7194,2883,58,1,300.22
7195,2884,93,3,450.31
7196,2884,47,2,200.84
7197,2884,17,1,55.59
7198,2885,48,2,232.13
7199,2885,6,2,20.73
7200,2885,56,3,80.66
7201,2886,17,2,55.59
7202,2886,64,1,376.68
7203,2887,9,3,103.42
7204,2888,53,2,184.19
7205,2888,7,2,113.23
7206,2888,22,1,44.01
7207,2889,23,3,415.56
7208,2889,21,3,66.79
7209,2889,79,2,439.97
7210,2889,93,2,450.31
7211,2890,67,3,6.61
7212,2890,67,1,6.61
7213,2890,21,3,66.79
7214,2890,34,3,468.64
7215,2891,54,1,257.22
7216,2891,50,3,282.88
7217,2892,1,2,60.11
7218,2892,9,1,103.42
7219,2892,45,3,438.8
7220,2893,12,1,142.7
7221,2894,79,1,439.97
7222,2895,85,1,331.58
7223,2896,96,1,296.21
7224,2897,7,3,113.23
7225,2897,18,1,52.87
7226,2897,6,1,20.73
7227,2897,60,1,266.91
7228,2898,88,1,482.36
7229,2898,1,2,60.11
7230,2898,33,3,336.74
7231,2899,65,3,173.39
7232,2900,90,2,104.57
7233,2900,30,3,142.6
7234,2900,19,3,303.84
7235,2901,53,2,184.19
7236,2901,17,3,55.59
7237,2902,99,1,34.14
7238,2902,53,3,184.19
7239,2902,12,3,142.7
7240,2902,93,3,450.31
7241,2903,26,2,39.43
7242,2903,69,1,486.08
7243,2903,28,3,492.68
7244,2903,100,1,453.18
7245,2904,20,2,366.22
7246,2905,29,3,433.91
7247,2905,24,1,443.3
7248,2905,60,2,266.91
7249,2905,28,3,492.68
7250,2906,44,1,457.0
7251,2906,54,3,257.22
7252,2907,70,2,256.3
7253,2907,5,3,48.03
7254,2907,55,2,379.11
7255,2908,92,2,326.69
7256,2908,39,3,345.64
7257,2909,23,2,415.56
7258,2909,30,2,142.6
7259,2909,81,2,439.61
7260,2910,43,2,137.53
7261,2911,36,3,89.71
7262,2911,7,2,113.23
7263,2911,47,2,200.84
7264,2911,80,2,123.53
7265,2912,21,1,66.79
7266,2912,73,1,306.44
7267,2912,94,1,64.9
7268,2912,77,1,165.46
7269,2913,14,1,350.58
7270,2913,64,3,376.68
7271,2913,90,2,104.57
7272,2914,30,1,142.6
7273,2915,60,3,266.91
7274,2916,19,2,303.84
7275,2917,88,2,482.36
7276,2917,7,3,113.23
7277,2917,90,1,104.57
7278,2917,22,3,44.01
7279,2918,30,2,142.6
7280,2918,35,3,40.34
7281,2918,11,3,114.12
7282,2919,86,1,86.74
7283,2920,73,2,306.44
7284,2920,8,1,303.0
7285,2920,21,2,66.79
7286,2921,11,2,114.12
7287,2922,45,3,438.8
7288,2922,88,3,482.36
7289,2923,5,2,48.03
7290,2923,37,1,126.18
7291,2923,64,1,376.68
7292,2924,17,2,55.59
7293,2924,77,3,165.46
7294,2925,83,1,408.93
7295,2925,30,3,142.6
7296,2925,97,1,296.28
7297,2926,37,3,126.18
7298,2926,80,1,123.53
7299,2926,39,3,345.64
7300,2926,2,1,141.14
7301,2927,1,2,60.11
7302,2928,28,2,492.68
7303,2929,9,1,103.42
7304,2929,70,2,256.3
7305,2929,81,3,439.61
7306,2930,84,2,384.09
7307,2930,79,3,439.97
7308,2931,45,1,438.8
7309,2931,48,3,232.13
7310,2931,73,2,306.44
7311,2932,10,1,352.16
7312,2932,8,2,303.0
7313,2932,63,3,342.45
7314,2932,74,1,190.09
7315,2933,71,1,435.91
7316,2933,10,3,352.16
7317,2933,50,3,282.88
7318,2933,57,2,397.08
7319,2934,62,3,341.74
7320,2934,35,3,40.34
7321,2935,85,1,331.58
7322,2935,73,2,306.44
7323,2936,29,1,433.91
7324,2936,1,2,60.11
7325,2936,63,2,342.45
7326,2937,43,2,137.53
7327,2937,2,1,141.14
7328,2938,10,2,352.16
7329,2939,33,1,336.74
7330,2939,51,1,374.77
7331,2939,37,1,126.18
7332,2940,75,1,271.99
7333,2940,81,1,439.61
7334,2941,29,1,433.91
7335,2941,40,2,343.88
7336,2942,95,1,36.69
7337,2943,87,1,436.85
7338,2943,46,1,110.25
7339,2943,1,3,60.11
7340,2943,98,3,40.14
7341,2944,32,1,188.24
7342,2944,20,1,366.22
7343,2944,12,2,142.7
7344,2945,79,1,439.97
7345,2945,37,3,126.18
7346,2946,43,3,137.53
7347,2946,72,3,421.63
7348,2946,58,2,300.22
7349,2946,73,1,306.44
7350,2947,40,1,343.88
7351,2947,51,1,374.77
7352,2947,30,1,142.6
7353,2947,54,3,257.22
7354,2948,89,1,378.86
7355,2949,10,2,352.16
7356,2949,60,2,266.91
7357,2950,1,2,60.11
7358,2950,15,1,142.55
7359,2951,29,3,433.91
7360,2951,97,3,296.28
7361,2952,90,1,104.57
7362,2952,13,3,380.61
7363,2952,78,3,60.37
7364,2952,85,1,331.58
7365,2953,67,3,6.61
7366,2954,88,2,482.36
7367,2955,99,1,34.14
7368,2956,43,3,137.53
7369,2956,71,1,435.91
7370,2956,94,3,64.9
7371,2957,89,2,378.86
7372,2957,22,3,44.01
7373,2957,89,1,378.86
7374,2957,49,3,74.12
7375,2958,97,2,296.28
7376,2959,9,3,103.42
7377,2959,49,3,74.12
7378,2960,23,3,415.56
7379,2960,36,2,89.71
7380,2960,40,1,343.88
7381,2960,85,1,331.58
7382,2961,21,1,66.79
7383,2961,7,1,113.23
7384,2961,71,1,435.91
7385,2961,79,2,439.97
7386,2962,18,3,52.87
7387,2962,20,1,366.22
7388,2963,63,2,342.45
7389,2963,84,1,384.09
7390,2963,94,1,64.9
7391,2964,9,2,103.42
7392,2965,74,3,190.09
7393,2965,91,1,202.5
7394,2965,90,1,104.57
7395,2966,17,1,55.59
7396,2967,36,3,89.71
7397,2968,17,3,55.59
7398,2968,57,2,397.08
7399,2969,90,1,104.57
7400,2969,32,2,188.24
7401,2970,65,1,173.39
7402,2970,54,2,257.22
7403,2971,51,1,374.77
7404,2971,1,3,60.11
7405,2971,8,2,303.0
7406,2972,57,2,397.08
7407,2972,59,2,193.9
7408,2973,79,3,439.97
7409,2974,88,1,482.36
7410,2975,54,3,257.22
7411,2976,61,2,431.09
7412,2977,21,3,66.79
7413,2978,16,1,478.82
7414,2978,34,1,468.64
7415,2979,9,3,103.42
7416,2979,50,2,282.88
7417,2979,21,1,66.79
7418,2980,16,2,478.82
7419,2980,63,1,342.45
7420,2981,72,2,421.63
7421,2981,54,2,257.22
7422,2981,59,1,193.9
7423,2981,50,1,282.88
7424,2982,11,3,114.12
7425,2982,66,2,220.21
7426,2983,75,2,271.99
7427,2983,100,2,453.18
7428,2983,39,3,345.64
7429,2984,51,1,374.77
7430,2984,88,2,482.36
7431,2984,78,1,60.37
7432,2984,92,1,326.69
7433,2985,39,3,345.64
7434,2986,25,1,290.79
7435,2986,22,2,44.01
7436,2986,18,2,52.87
7437,2986,16,1,478.82
7438,2987,28,2,492.68
7439,2987,86,1,86.74
7440,2987,95,2,36.69
7441,2988,35,3,40.34
7442,2988,20,1,366.22
7443,2988,87,3,436.85
7444,2989,69,3,486.08
7445,2990,95,3,36.69
7446,2991,93,2,450.31
7447,2991,92,1,326.69
7448,2992,34,1,468.64
7449,2992,26,3,39.43
7450,2992,44,1,457.0
7451,2992,18,3,52.87
7452,2993,59,1,193.9
7453,2993,47,3,200.84
7454,2993,8,2,303.0
7455,2994,34,1,468.64
7456,2994,5,3,48.03
7457,2995,86,3,86.74
7458,2995,64,2,376.68
7459,2995,4,2,339.97
7460,2996,100,3,453.18
7461,2996,50,3,282.88
7462,2996,73,3,306.44
7463,2996,35,2,40.34
7464,2997,76,3,459.65
7465,2997,93,2,450.31
7466,2997,93,3,450.31
7467,2997,43,1,137.53
7468,2998,48,3,232.13
7469,2998,61,2,431.09
7470,2998,51,2,374.77
7471,2998,94,3,64.9
7472,2999,56,1,80.66
7473,3000,23,2,415.56
